Filer,City,State,"",Shares Held,Market Value,% of Portfolio,Prior % of Portfolio,Ranking,Prior Ranking,Change in shares,Percent Change,Filer State,% Ownership,Qtr first owned,filer_id,filer_cik,filer_irs_number,filer_crd,street_address,street_address2,zip_code
683 capital management  llc,NEW YORK,NY,PUT,33860.0,1696386.0,0.1264,0.1638,124,102,-13680.0,-28.7757678,NY,N/A,Q1 2021,123998,0001404574,,000156181,1700 BROADWAY,SUITE 4200,10019
683 capital management  llc,NEW YORK,NY,CALL,0.0,0.0,,0.0308,"",130,-8950.0,-100.0,NY,N/A,Q1 2021,123998,0001404574,,000156181,1700 BROADWAY,SUITE 4200,10019
683 capital management  llc,NEW YORK,NY,"",0.0,0.0,,0.0069,"",238,-2000.0,-100.0,NY,0.0000000,Q4 2022,123998,0001404574,,000156181,1700 BROADWAY,SUITE 4200,10019
Aberdeen group plc,EDINBURGH,X0,"",0.0,0.0,,0.0005,"",905,-4318.3,-100.0,X0,0.0000000,Q3 2021,383045,0001716774,,,1 GEORGE STREET, ,EH2 2LL
Achmea investment management b.v.,ZEIST,P7,"",0.0,0.0,,0.0045,"",541,-3477.9,-100.0,P7,0.0000000,Q3 2021,366384,0001697765,,,HANDELSWEG 2, ,3707 NH
Activest wealth management,AVENTURA,FL,"",0.0,0.0,,0.0001,"",442,-6.6,-100.0,FL,0.0000000,Q1 2021,532354,0001883134,,000156150,20900 NE 30TH AVENUE,SUITE 311,33180
Advisornet financial  inc,MINNETONKA,MN,"",41.4,2074.0,0.0002,0.0002,1694,1706,0.0,0.0,MN,0.0000806,Q4 2020,177163,0001409362,,,110 CHESHIRE LANE,SUITE 200,55305
Advisory services network  llc,ATLANTA,GA,"",297.9,14925.0,0.0004,0.0004,2702,2777,10.2,3.5453597,GA,0.0005803,Q4 2022,205031,0001573876,,,6600 PEACHTREE DUNWOODY RD.,"EMBASSY ROW 600, SUITE 575",30328
Ahrens investment partners llc,LAFAYETTE,LA,"",115.0,5762.0,0.0029,,737,,115.0,,LA,0.0002240,Q1 2023,374568,0001698481,204991123,000222517,412 SETTLERS TRACE BLVD., ,70508
Algert global llc,SAN FRANCISCO,CA,"",0.0,0.0,,0.0056,"",1072,-2472.0,-100.0,CA,0.0000000,Q4 2022,84,0001275218,,,101 CALIFORNIA STREET,SUITE 3240,94111
Alliancebernstein l.p.,NASHVILLE,TN,"",22577.0,1131108.0,0.0005,0.0004,2165,2352,1020.6,4.7345568,TN,0.0439815,Q1 2014,43469,0001109448,134064930,000108477,501 COMMERCE STREET, ,37203
Allspring global investments holdings  llc,CHARLOTTE,NC,"",882.6,44218.0,0.0001,0.0001,2323,2443,35.6,4.2030697,NC,0.0017194,Q4 2021,545310,0001890906,,,1415 VANTAGE PARK DRIVE,3RD FLOOR,28203
Allworth financial lp,FOLSOM,CA,"",200.9,10066.0,0.0001,0.0001,1788,1763,11.0,5.7925224,CA,0.0003914,Q1 2021,186197,0001555170,,,340 PALLADIO PKWY,SUITE 501,95630
Alphamark advisors  llc,FT. WRIGHT,KY,"",89.1,4000.0,0.0018,0.001,508,509,49.1,122.75,KY,0.0001736,Q3 2022,100,0001348183,364293631,,810 WRIGHT'S SUMMIT PKWY,SUITE 100,41011
Alpine global management  llc,NEW YORK,NY,"",0.0,0.0,,0.0426,"",123,-3141.7,-100.0,NY,0.0000000,Q4 2022,256266,0001581655,461675291,000153062,140 BROADWAY 38TH FLOOR, ,10005
Amalgamated bank,NEW YORK,NY,"",8232.8,412000.0,0.0035,0.0035,1505,1584,-1281.4,-13.4682895,NY,0.0160380,Q1 2021,93649,0000919192,,,275 SEVENTH AVENUE,6TH FLOOR,10001
American century companies inc,KANSAS CITY,MO,"",3680.8,182936.0,0.0001,0.0001,2445,2385,-24.3,-0.6558527,MO,0.0071704,Q3 2021,123,0000748054,,,4500 MAIN STREET, ,64111
American international group  inc.,NEW YORK,NY,"",520.1,26057.0,0.0002,0.0002,2857,2917,-11.4,-2.144873,NY,0.0010132,Q2 2014,129,0000005272,,,1271 AVE OF THE AMERICAS,FL 37,10020-1304
Americana partners  llc,HOUSTON,TX,"",2302.5,115355.0,0.0182,0.0162,266,245,2.0,0.0869376,TX,0.0044854,Q4 2022,463759,0001797678,,000301354,811 LOUISIANA STREET,SUITE 2420,77002
Ameritas advisory services  llc,LINCOLN,NE,"",383.6,19033.0,0.001,,1669,,383.6,,NE,0.0007473,Q1 2023,554727,0001901275,844383499,000317245,5900 O STREET, ,68510
Amundi,PARIS, ,"",0.0,0.0,,0.0002,"",1427,-8502.5,-100.0, ,0.0000000,Q3 2021,79487,0001330387,,,91-93 BOULEVARD PASTEUR, ,75015
Anchor investment management  llc,COLUMBIA,SC,"",500.0,25050.0,0.0034,0.0029,637,641,0.0,0.0,SC,0.0009740,Q3 2022,656019,0001634149,,000135296,3205 DEVINE STREET, ,29205
Anson funds management lp,DALLAS,TX,PUT,2000.0,100200.0,0.0164,,171,,2000.0,,TX,N/A,Q1 2023,224309,0001491072,,,16000 DALLAS PARKWAY,SUITE 800,75248
Antara capital lp,NEW YORK,NY,PUT,5532870.0,277196787.0,11.1488,2.3724,2,9,3449740.0,165.6036829,NY,N/A,Q4 2022,431533,0001750183,,000298247,224 W 35TH ST,STE 500 #2165,10001
Antara capital lp,NEW YORK,NY,CALL,100000.0,5010000.0,0.2015,,53,,100000.0,,NY,N/A,Q1 2023,431533,0001750183,,000298247,224 W 35TH ST,STE 500 #2165,10001
Aqr arbitrage llc,GREENWICH,CT,PUT,46620.0,2270394.0,0.0695,,298,,46620.0,,CT,N/A,Q1 2023,674,0001167456,,000114626,ONE GREENWICH PLAZA,SUITE 130,06830
Aristeia capital  l.l.c.,GREENWICH,CT,PUT,513020.0,25702302.0,0.6031,0.0469,34,289,455470.0,791.4335361,CT,N/A,Q4 2022,187,0001080171,133953132,,ONE GREENWICH PLAZA,SUITE 300,06830
Aristeia capital  l.l.c.,GREENWICH,CT,"",92500.0,4634250.0,0.1087,,165,,92500.0,,CT,0.1801960,Q1 2023,187,0001080171,133953132,,ONE GREENWICH PLAZA,SUITE 300,06830
Aristides capital llc,LOUISVILLE,KY,"",0.0,0.0,,0.3795,"",62,-18342.4,-100.0,KY,0.0000000,Q4 2022,258343,0001595521,,000162368,552 E MARKET ST,STE 200,40202
Arizona state retirement system,PHOENIX,AZ,"",14975.1,750253.0,0.0067,0.0057,1165,1274,391.6,2.6852265,AZ,0.0291725,Q1 2020,190792,0001558481,,,3300 NORTH CENTRAL AVENUE,14TH FLOOR,85012
Arrowstreet capital  limited partnership,BOSTON,MA,"",0.0,0.0,,0.0002,"",1277,-3422.6,-100.0,MA,0.0000000,Q4 2022,197,0001164508,,,"200 CLARENDON STREET, 30TH FLOOR", ,02116
Asset dedication  llc,SAN FRANCISCO,CA,"",1.0,0.0,0.0,0.0,943,988,0.0,0.0,CA,0.0000019,Q2 2021,231170,0001475896,,,220 MONTGOMERY ST.,SUITE 1098,94104
Avantax advisory services  inc.,DALLAS,TX,"",2491.9,124846.0,0.0015,0.0018,1413,1345,-860.0,-25.65709,TX,0.0048544,Q2 2022,431235,0001303042,,,3200 OLYMPUS BLVD.,SUITE 100,75019
Avion wealth,THE WOODLANDS,TX,"",15.0,0.0,0.0,0.0003,521,395,0.0,0.0,TX,0.0000292,Q2 2021,454057,0001792704,,,2829 TECHNOLOGY FOREST BLVD #300, ,77381
Avior wealth management  llc,OMAHA,NE,"",1.1,55.0,0.0,0.0,1606,1260,0.0,0.0,NE,0.0000021,Q2 2021,256351,0001599868,,,14301 FIRST NATIONAL BANK PARKWAY,#110,68154
Aviva plc,LONDON,X0,"",0.0,0.0,,0.0014,"",975,-7096.2,-100.0,X0,0.0000000,Q3 2021,243,0001140022,,,EIGHTYFEN,80 FENCHURCH STREET,EC3M 4AE
Axq capital  lp,JERSEY CITY,NJ,"",0.0,0.0,,0.0667,"",300,-2354.8,-100.0,NJ,0.0000000,Q4 2022,623891,0001916908,,000318863,525 WASHINGTON BLVD,SUITE #2110,07310
B. riley wealth advisors  inc.,MEMPHIS,TN,"",1157.5,57991.0,0.0015,,1427,,1157.5,,TN,0.0022549,Q1 2023,68089,0001464811,,,40 S. MAIN ST.,SUITE 1600,38103
Baader bank aktiengesellschaft,UNTERSCHLEISSHEIM,2M,PUT,15260.0,764526.0,0.0389,,195,,15260.0,,2M,N/A,Q1 2023,570649,0001542629,,,WEIHENSTEPHANER STRASSE 4, ,85716
Baader bank aktiengesellschaft,UNTERSCHLEISSHEIM,2M,"",567.7,22183.0,0.0011,,342,,567.7,,2M,0.0011059,Q1 2023,570649,0001542629,,,WEIHENSTEPHANER STRASSE 4, ,85716
Balentine llc,ATLANTA,GA,"",0.0,0.0,,0.005,"",566,-3547.7,-100.0,GA,0.0000000,Q4 2022,297528,0001586678,,000152511,3344 PEACHTREE ROAD,SUITE 2200,30326
Balyasny asset management l.p.,CHICAGO,IL,"",17847.5,894160.0,0.0022,,1781,,17847.5,,IL,0.0347681,Q2 2022,268,0001218710,,000138111,444 WEST LAKE STREET 50TH FLOOR, ,60606
Balyasny asset management l.p.,CHICAGO,IL,CALL,2500.0,125250.0,0.0003,,2295,,2500.0,,IL,N/A,Q1 2023,268,0001218710,,000138111,444 WEST LAKE STREET 50TH FLOOR, ,60606
Bank of america corp,CHARLOTTE,NC,CALL,1041570.0,52182657.0,0.0054,0.0011,1344,2721,804610.0,339.5551992,NC,N/A,Q2 2022,276,0000070858,560906609,,BANK OF AMERICA CORPORATE CENTER,100 N TRYON ST,28255
Bank of america corp,CHARLOTTE,NC,PUT,65010.0,3257001.0,0.0003,0.0001,3932,4906,42080.0,183.5150458,NC,N/A,Q3 2020,276,0000070858,560906609,,BANK OF AMERICA CORPORATE CENTER,100 N TRYON ST,28255
Bank of america corp,CHARLOTTE,NC,"",135793.0,6803230.0,0.0007,0.0001,3217,5299,121867.0,875.1041218,NC,0.2645335,Q1 2014,276,0000070858,560906609,,BANK OF AMERICA CORPORATE CENTER,100 N TRYON ST,28255
Bank of montreal,TORONTO,A6,PUT,23200.0,1162320.0,0.0005,0.0013,1963,1572,-51690.0,-69.0212311,A6,N/A,Q1 2022,1324,0000927971,000000000,,1 FIRST CANADIAN PLACE, ,M5X 1A1
Bank of montreal,TORONTO,A6,CALL,1271630.0,63708663.0,0.0255,0.0006,318,1959,1235630.0,3432.3055556,A6,N/A,Q1 2022,1324,0000927971,000000000,,1 FIRST CANADIAN PLACE, ,M5X 1A1
Bank of montreal,TORONTO,A6,"",2965.3,148561.0,0.0001,0.0,3124,3339,270.3,10.0296846,A6,0.0057766,Q2 2014,1324,0000927971,000000000,,1 FIRST CANADIAN PLACE, ,M5X 1A1
Bank of new york mellon corp,NEW YORK,NY,"",153246.4,7677645.0,0.0017,0.0015,2069,2192,-3057.0,-1.9558116,NY,0.2985339,Q1 2014,281,0001390777,,000290078,240 GREENWICH STREET, ,10286
Banque pictet & cie sa,GENEVA 73,V8,"",4100.0,205410.0,0.002,0.0017,554,592,0.0,0.0,V8,0.0079871,Q2 2022,256074,0001535602,,,60 ROUTE DES ACACIAS, ,1211
Barclays plc,LONDON,X0,CALL,757820.0,37966000.0,0.0174,0.0038,592,1280,547320.0,260.0095012,X0,N/A,Q4 2022,294,0000312069,,,1 CHURCHILL PLACE,CANARY WHARF,E14 5HP
Barclays plc,LONDON,X0,PUT,152230.0,7627000.0,0.0035,0.0008,1288,2366,110040.0,260.8200995,X0,N/A,Q4 2019,294,0000312069,,,1 CHURCHILL PLACE,CANARY WHARF,E14 5HP
Barclays plc,LONDON,X0,"",27418.8,1374000.0,0.0006,0.0006,2499,2599,-4059.3,-12.8956322,X0,0.0534136,Q1 2014,294,0000312069,,,1 CHURCHILL PLACE,CANARY WHARF,E14 5HP
Barrett & company  inc.,PROVIDENCE,RI,"",40.0,2004.0,0.0013,0.0011,516,526,0.0,0.0,RI,0.0000779,Q3 2022,117446,0000887602,,000001175,42 WEYBOSSET ST,42 WEYBOSSET STREET,02903
Bayesian capital management  lp,BROOKLYN,NY,"",21970.0,1100697.0,0.1362,0.0159,221,663,19300.0,722.8464419,NY,0.0427990,Q1 2022,328433,0001632551,,,54 COLERIDGE STREET, ,11235
Beaird harris wealth management  llc,DALLAS,TX,"",30.1,1509.0,0.0003,0.0002,387,628,0.0,0.0,TX,0.0000586,Q4 2021,570743,0001908938,,000107238,5005 LBJ FWY,SUITE 1700,75244
Belpointe asset management llc,RENO,NV,"",401.3,20105.0,0.0011,0.001,2309,2320,0.0,0.0,NV,0.0007818,Q4 2022,383317,0001721242,,000143440,"500 DAMONTE RANCH, PARKWAY BUILDING 700",UNIT 700,89521
Belvedere trading llc,CHICAGO,IL,CALL,38890.0,1948389.0,0.0047,0.0027,43,61,14370.0,58.6052202,IL,N/A,Q2 2022,288569,0001632341,,000132605,10 S. RIVERSIDE PLAZA,SUITE 2100,60606
Belvedere trading llc,CHICAGO,IL,PUT,32150.0,1610715.0,0.0039,0.0004,49,409,28610.0,808.1920904,IL,N/A,Q4 2021,288569,0001632341,,000132605,10 S. RIVERSIDE PLAZA,SUITE 2100,60606
Benjamin edwards inc,CLAYTON,MO,"",10.0,1000.0,0.0002,0.0,681,733,0.0,0.0,MO,0.0000195,Q2 2021,132178,0001451623,,000146936,ONE NORTH BRENTWOOD BOULEVARD,SUITE 850,63105
Berry street capital management llp,LONDON,X0,"",206250.0,3031875.0,0.7638,,25,,206250.0,,X0,0.4017883,Q1 2023,500569,0001804007,000000000,,MICHELIN HOUSE,81 FULHAM ROAD,SW3 6RD
Beryl capital management llc,REDONDO BEACH,CA,PUT,150000.0,7515000.0,5.9095,,7,,150000.0,,CA,N/A,Q1 2023,392484,0001719307,,000269959,225 AVENUE I,STE 205,90277
Blackrock  inc,NEW YORK,NY,"",2066114.3,103512326.0,0.0031,0.0027,1993,2087,-77455.9,-3.6134063,NY,4.0249241,Q1 2014,373,0002012383,,000109391,50 HUDSON YARDS, ,10001
Blue trust  inc.,ALPHARETTA,GA,"",44.5,2000.0,0.0,0.0,1980,1899,11.1,33.2335329,GA,0.0000867,Q2 2022,514139,0001856022,,,1125 SANCTUARY PARKWAY,SUITE 500,30009
Bluefin capital management  llc,NEW YORK,NY,PUT,157470.0,12059105.0,1.4994,,10,,157470.0,,NY,N/A,Q1 2023,120192,0001144208,134176094,000113892,41 MADISON AVENUE,36TH FLOOR,10010
Bluefin capital management  llc,NEW YORK,NY,CALL,15800.0,14220.0,0.0018,0.0002,203,443,14130.0,846.1077844,NY,N/A,Q4 2020,120192,0001144208,134176094,000113892,41 MADISON AVENUE,36TH FLOOR,10010
Blueshift asset management  llc,RED BANK,NJ,"",1151.3,57680.0,0.0241,,325,,1151.3,,NJ,0.0022428,Q2 2022,431075,0001727827,,000290637,"151 BODMAN PLACE, SUITE 301", ,07701
Bnp paribas financial markets,PARIS,I0,"",28111.0,1408361.0,0.002,0.0002,2083,3091,24277.0,633.2029212,I0,0.0547620,Q3 2014,391,0001166588,,,20 BOULEVARD DES ITALIENS, ,75009
Bokf  na,TULSA,OK,"",1000.0,50100.0,0.001,0.0008,840,887,-45.1,-4.3153765,OK,0.0019481,Q3 2021,63724,0000009634,,,ONE WILLIAMS CENTER, ,74172
Boothbay fund management  llc,NEW YORK,NY,CALL,12050.0,603705.0,0.0124,,1186,,12050.0,,NY,N/A,Q1 2023,289317,0001549230,,000163706,140 EAST 45TH STREET,16TH FLOOR,10017
Boulder hill capital management lp,NEW YORK,NY,"",12530.0,627753.0,0.5058,,36,,12530.0,,NY,0.0244092,Q1 2022,555517,0001859029,861257181,,888 SEVENTH AVENUE, ,10106
Boussard & gavaudan investment management llp,LONDON,X0,PUT,1067.6,891090.0,0.0838,,81,,1067.6,,X0,N/A,Q1 2023,270600,0001614986,,,166 PICCADILLY, ,W1J 9EF
Bracebridge capital  llc,BOSTON,MA,PUT,1810.0,9068100.0,2.4205,0.3801,7,22,810.0,81.0,MA,N/A,Q3 2022,421,0001426486,,000158343,888 BOYLSTON STREET,SUITE 1500,02199
Bridgefront capital  llc,AUSTIN,TX,"",1530.2,76663.0,0.0468,,399,,1530.2,,TX,0.0029809,Q1 2023,500636,0001725690,,,115 WILD BASIN ROAD,SUITE 109,78746
Bridgewater associates  lp,WESTPORT,CT,"",0.0,0.0,,0.0014,"",784,-6412.2,-100.0,CT,0.0000000,Q1 2022,443,0001350694,,000105129,ONE NYALA FARMS ROAD, ,06880
Brookfield corp,TORONTO,A6,CALL,0.0,0.0,,0.0015,"",546,-10000.0,-100.0,A6,N/A,Q4 2022,39281,0001001085,,000106793,"BROOKFIELD PLACE, 181 BAY ST, STE 100",PO BOX 762,M5J2T3
Brookstone capital management,WHEATON,IL,"",0.0,0.0,,0.0008,"",803,-1020.9,-100.0,IL,0.0000000,Q2 2021,255578,0001599584,,000141413,1745 SOUTH NAPERVILLE ROAD,SUITE 200,60189
Brown brothers harriman & company,NEW YORK,NY,"",500.0,25050.0,0.0002,0.0002,852,879,0.0,0.0,NY,0.0009740,Q4 2021,460,0000014661,,,140 BROADWAY, ,10005-1101
Cadian capital management  lp,NEW YORK,NY,"",0.0,0.0,,0.5959,"",20,-201836.6,-100.0,NY,0.0000000,Q4 2022,493,0001423686,,000157813,"535 MADISON AVENUE, 36TH FLOOR", ,10022
California public employees retirement system,SACRAMENTO,CA,"",70984.9,3556343.0,0.0032,0.0033,1146,1147,-24628.6,-25.7584964,CA,0.1382832,Q1 2014,501,0000919079,,,400 Q ST,SUITE 4800,95811
California state teachers retirement system,WEST SACRAMENTO,CA,"",64931.7,3253078.0,0.0048,0.0042,1190,1306,-798.9,-1.2154157,CA,0.1264911,Q1 2014,502,0001081019,946291617,,100 WATERFRONT PLACE, ,95605
Cambridge investment research advisors  inc.,FAIRFIELD,IA,"",5766.6,289000.0,0.0014,0.0012,2521,2623,-48.8,-0.8391512,IA,0.0112337,Q2 2017,509,0001419186,,,1776 PLEASANT PLAIN ROAD, ,52556
Canada life assurance company,WINNIPEG,A2,"",2382.7,119000.0,0.0003,0.0005,1956,1890,-2474.4,-50.9439789,A2,0.0046417,Q4 2014,1250,0001046192,000000000,000305404,100 OSBORNE STREET NORTH, ,R3C 1V3
Candriam s.c.a.,STRASSEN, ,"",8228.9,379463.0,0.0026,0.0017,838,852,2142.3,35.1969901, ,0.0160304,Q2 2022,292972,0001537014,,,"19-21, ROUTE D'ARLON", ,8009
Cape investment advisory  inc.,MCDONOUGH,GA,"",8.8,441.0,0.0003,,913,,8.8,,GA,0.0000171,Q1 2023,648702,0001944437,,000146384,1600 PENNSYLVANIA AVE, ,30253
Capital fund management s.a.,PARIS,I0,"",24144.6,1209644.0,0.0058,0.0146,1215,907,-29295.4,-54.8192365,I0,0.0470352,Q3 2022,535,0001323645,,,23 RUE DE L'UNIVERSITE, ,75007
Capital fund management s.a.,PARIS,I0,CALL,0.0,0.0,,0.0105,"",1015,-38290.0,-100.0,I0,N/A,Q3 2021,535,0001323645,,,23 RUE DE L'UNIVERSITE, ,75007
Capricorn fund managers ltd,LONDON,X0,"",3277.9,164223.0,0.0502,,101,,3277.9,,X0,0.0063856,Q1 2023,556209,0001901361,,000323709,"2ND FLOOR, MALTA HOUSE",36-38 PICCADILLY,W1J 0DP
Capstone investment advisors  llc,NEW YORK,NY,CALL,10000.0,501000.0,0.0025,,1008,,10000.0,,NY,N/A,Q1 2023,3283,0001426196,,000155563,7 WORLD TRADE CENTER,"250 GREENWICH STREET, 32ND FLOOR",10007
Capstone investment advisors  llc,NEW YORK,NY,"",5.2,261.0,0.0,,1529,,5.2,,NY,0.0000101,Q1 2023,3283,0001426196,,000155563,7 WORLD TRADE CENTER,"250 GREENWICH STREET, 32ND FLOOR",10007
Caption management  llc,OKLAHOMA CITY,OK,CALL,10540.0,528054.0,0.0102,,779,,10540.0,,OK,N/A,Q2 2022,392489,0001706766,,000173841,499 W SHERIDAN AVE,SUITE 2250,73102
Caption management  llc,OKLAHOMA CITY,OK,"",0.0,0.0,,0.001,"",1160,-1610.0,-100.0,OK,0.0000000,Q1 2021,392489,0001706766,,000173841,499 W SHERIDAN AVE,SUITE 2250,73102
Carl stuart investment advisor  inc,AUSTIN,TX,"",538.9,1412826.0,1.352,,10,,538.9,,TX,0.0010498,Q1 2023,556588,0001910180,,,623 W 38TH STREET,SUITE 110,78705
Carmel capital partners  llc,SAN DIEGO,CA,"",9.2,461.0,0.0003,,448,,9.2,,CA,0.0000179,Q1 2023,553602,0001900481,,000123907,"12760 HIGH BLUFF DRIVE, SUITE 210", ,92130
Carmichael hill & associates  inc.,GAITHERSBURG,MD,"",1.0,51.0,0.0,0.0,774,780,0.0,0.0,MD,0.0000019,Q1 2021,391696,0001730295,521614317,,18 EAST DIAMOND AVE., ,20877
Carolina wealth advisors  llc,MYRTLE BEACH,SC,"",10.0,501.0,0.0003,,247,,10.0,,SC,0.0000195,Q1 2023,463047,0001786411,,,"1110 LONDON STREET, SUITE 204", ,29577
Carsonallaria wealth management  ltd.,GLEN CARBON,IL,"",0.0,0.0,,0.0,"",342,-0.7,-100.0,IL,0.0000000,Q4 2022,555499,0001900946,,000157998,2246 S. STATE ROUTE 157,SUITE 225,62034
Cary street partners investment advisory llc,RICHMOND,VA,"",359.5,18011.0,0.0013,0.0011,1001,1051,0.0,0.0,VA,0.0007003,Q4 2022,430483,0001766904,,000128545,901 EAST BYRD STREET,SUITE 1001,23219
Centiva capital  lp,NEW YORK,NY,PUT,1000.0,50100.0,0.0012,0.0023,1379,1208,-1000.0,-50.0,NY,N/A,Q4 2022,391236,0001692507,,000286299,66 HUDSON BOULEVARD E,56TH FLOOR,10001
Cetera advisor networks llc,EL SEGUNDO,CA,"",1667.6,83547.0,0.0006,0.0007,2456,2395,-478.4,-22.2926375,CA,0.0032486,Q2 2021,163629,0001534468,953845382,,2301 ROSECRANS AVE #5100,STE 1300,90245
Chanos & company lp,NEW YORK,NY,PUT,0.0,0.0,,0.2056,"",42,-31950.0,-100.0,NY,N/A,Q4 2022,118659,0001446440,200483489,000137563,"20 WEST 55TH ST, 8TH FLOOR", ,10019
Charles schwab investment management inc,SAN FRANCISCO,CA,"",349680.3,17518983.0,0.0053,0.0045,1572,1672,8941.1,2.6240303,CA,0.6811998,Q1 2014,2579,0000884546,,000106753,211 MAIN STREET, ,94105
Ci investments inc.,TORONTO, ,"",0.0,0.0,,0.0,"",1185,-2.9,-100.0, ,0.0000000,Q3 2021,635,0001163648,,000134918,"15 YORK STREET, 2ND FLOOR", ,M5J 0A3
Cibc asset management inc,TORONTO,A6,"",1417.9,71037.0,0.0003,0.0003,1004,1030,-64.7,-4.3639552,A6,0.0027622,Q1 2021,636,0001021926,,000106508,81 BAY STREET,20TH FLOOR,M5J 0E7
Cibc private wealth group llc,ATLANTA,GA,"",0.0,0.0,,0.0,"",834,-2030.5,-100.0,GA,0.0000000,Q4 2022,94626,0001298088,,,3290 NORTHSIDE PARKWAY,7TH FLOOR,30327
Cipher capital lp,NEW YORK,NY,"",1046.5,52430.0,0.0097,,485,,1046.5,,NY,0.0020386,Q1 2023,200206,0001542420,800798322,,400 MADISON AVENUE,SUITE 12A,10017
Citadel advisors llc,MIAMI,FL,CALL,771210.0,38637621.0,0.0085,0.011,1305,1170,-383710.0,-33.2239462,FL,N/A,Q1 2014,70431,0001423053,000000000,000148826,830 BRICKELL PLAZA, ,33131
Citadel advisors llc,MIAMI,FL,PUT,702840.0,35212284.0,0.0077,0.0077,1389,1472,-105140.0,-13.0126983,FL,N/A,Q1 2014,70431,0001423053,000000000,000148826,830 BRICKELL PLAZA, ,33131
Citadel advisors llc,MIAMI,FL,"",7075.5,354483.0,0.0001,0.0001,9020,8042,-6443.7,-47.6633233,FL,0.0137835,Q1 2017,70431,0001423053,000000000,000148826,830 BRICKELL PLAZA, ,33131
Citigroup inc,NEW YORK,NY,PUT,3777940.0,189274794.0,0.1327,0.0733,117,247,1517260.0,67.1152043,NY,N/A,Q3 2022,650,0000831001,,,388 GREENWICH STREET, ,10013
Citigroup inc,NEW YORK,NY,CALL,1164850.0,58358985.0,0.0409,0.0302,356,498,232480.0,24.9343072,NY,N/A,Q4 2022,650,0000831001,,,388 GREENWICH STREET, ,10013
Citigroup inc,NEW YORK,NY,"",5709.9,286066.0,0.0002,0.0034,3525,1552,-98211.0,-94.5055326,NY,0.0111233,Q4 2016,650,0000831001,,,388 GREENWICH STREET, ,10013
Clear harbor asset management  llc,STAMFORD,CT,PUT,10720.0,537072.0,0.0554,,219,,10720.0,,CT,N/A,Q1 2023,105162,0001511857,,000152242,263 TRESSER BLVD,15TH FLOOR,06901
Clear street llc,NEW YORK,NY,"",128000.0,6412800.0,0.2286,,29,,128000.0,,NY,0.2493523,Q1 2023,432630,0001708828,,000288933,"4 WORLD TRADE CENTER, 150 GREENWICH STRE",45TH FLOOR,10007
Clear street llc,NEW YORK,NY,PUT,128000.0,6412800.0,0.2286,,30,,128000.0,,NY,N/A,Q1 2023,432630,0001708828,,000288933,"4 WORLD TRADE CENTER, 150 GREENWICH STRE",45TH FLOOR,10007
Clearstead advisors  llc,CLEVELAND,OH,"",10.5,527.0,0.0,0.0,1295,1301,10.0,2000.0,OH,0.0000205,Q4 2021,358134,0000842775,,,1100 SUPERIOR AVENUE EAST,SUITE 700,44114
Cnb bank,CLEARFIELD,PA,"",0.0,0.0,,0.0006,"",431,-23.5,-100.0,PA,0.0000000,Q4 2021,393100,0001732074,,,"PO BOX 42, ONE SOUTH SECOND ST", ,16830
Coatue management llc,NEW YORK,NY,"",421215.8,21102912.0,0.1403,0.1384,47,53,118166.0,38.9922712,NY,0.8205556,Q1 2022,677,0001135730,,000157910,9 WEST 57TH STREET,25TH FLOOR,10019
Colonial trust company,SPARTANBURG,SC,"",240.0,12024.0,0.0031,0.0027,652,677,0.0,0.0,SC,0.0004675,Q4 2022,613889,0001954093,,,233 S. PINE ST., ,29302
Comerica securities inc.,DETROIT,MI,"",0.0,0.0,,0.0,"",1500,-3.6,-100.0,MI,0.0000000,Q4 2022,696,0000781875,,,411 W LAFAYETTE BLVD,MAIL CODE 3137,48226
Commonwealth equity services  llc,WALTHAM,MA,"",3818.9,191000.0,0.0004,0.0029,3333,1847,-25592.1,-87.0154024,MA,0.0074395,Q3 2019,69950,0000312272,,000008032,29 SAWYER ROAD,ONE UNIVERSITY OFFICE PARK,02453-3483
Concourse financial group securities  inc.,BIRMINGHAM,AL,"",76.8,3847.0,0.0003,0.0003,1928,1930,-10.0,-11.5207373,AL,0.0001496,Q1 2021,119606,0000752798,,,2801 HIGHWAY 280 SOUTH, ,35223
Connective capital management  llc,PALO ALTO,CA,"",0.0,0.0,,0.1787,"",29,-12131.1,-100.0,CA,0.0000000,Q4 2022,199909,0001543568,,000161099,720 UNIVERSITY AVENUE, ,94301
Coppell advisory solutions llc,COPPELL,TX,"",0.0,0.0,,0.0001,"",1076,-14.8,-100.0,TX,0.0000000,Q4 2022,504240,0001848433,274762004,,9111 CYPRESS WATERS BLVD,SUITE 140,75019
Corecap advisors  llc,SOUTHFIELD,MI,"",0.0,0.0,,0.0,"",2310,-2.5,-100.0,MI,0.0000000,Q4 2021,555514,0001902501,,000158819,27777 FRANKLIN ROAD,SUITE 700,48034
Coston  mcisaac & partners,BAR HARBOR,ME,"",0.0,0.0,,0.0,"",755,-12.8,-100.0,ME,0.0000000,Q4 2022,607979,0001945037,,000194515,38 RODICK STREET, ,04609
Covestor ltd,LONDON,MA,"",129.7,7000.0,0.0061,0.0041,1456,1550,-0.7,-0.5368098,MA,0.0002527,Q4 2021,555623,0001909846,,,FLOOR 12,20 FENCHURCH STREET,EC3M 3BY
Cowen and company  llc,NEW YORK,NY,CALL,12300.0,18801.0,0.0022,0.0019,314,347,7110.0,136.9942197,NY,N/A,Q4 2022,121386,0000048966,841702964,000007616,599 LEXINGTON AVENUE,20TH FLOOR,10022
Cowen and company  llc,NEW YORK,NY,"",32200.0,1613220.0,0.1895,,71,,32200.0,,NY,0.0627277,Q1 2023,121386,0000048966,841702964,000007616,599 LEXINGTON AVENUE,20TH FLOOR,10022
Creative financial designs inc,KOKOMO,IN,"",8.3,416.0,0.0001,0.0002,1347,1177,-30.0,-78.3289817,IN,0.0000162,Q3 2021,395150,0000819864,,,2704 S. GOYER RD, ,46902
Creative planning,OVERLAND PARK,KS,"",1084.2,54318.0,0.0001,0.0001,2335,2212,-269.2,-19.8906458,KS,0.0021121,Q1 2019,163330,0001540235,,000105348,5454 W.110TH STREET, ,66211
Credit suisse ag/,ZURICH,V8,"",53888.0,2699788.0,0.0027,0.002,1700,1930,8505.6,18.7420674,V8,0.1049773,Q1 2014,760,0000824468,135015677,,PARADEPLATZ 8, ,CH 8001
Cresset asset management  llc,CHICAGO,IL,"",1165.4,58388.0,0.0012,,786,,1165.4,,IL,0.0022703,Q1 2023,431458,0001761013,,000288566,444 W. LAKE STREET,SUITE 4700,60606
Css llc,CHICAGO,IL,PUT,138820.0,6954882.0,0.4591,0.0501,46,281,117080.0,538.5464581,IL,N/A,Q4 2020,191410,0001103646,,,1 NORTH WACKER DRIVE,SUITE 3075,60606
Css llc,CHICAGO,IL,CALL,8070.0,404307.0,0.0267,,384,,8070.0,,IL,N/A,Q3 2022,191410,0001103646,,,1 NORTH WACKER DRIVE,SUITE 3075,60606
Css llc,CHICAGO,IL,"",1602.0,80260.0,0.0053,,592,,1602.0,,IL,0.0031208,Q1 2023,191410,0001103646,,,1 NORTH WACKER DRIVE,SUITE 3075,60606
Ctc llc,CHICAGO,IL,CALL,1359.7,6757709.0,0.004,0.0132,267,202,-2957.5,-68.5050496,IL,N/A,Q1 2021,35202,0001445893,364200538,000044597,425 S FINANCIAL PLACE,4TH FLOOR,60605
Ctc llc,CHICAGO,IL,PUT,1021.9,5078843.0,0.003,0.0073,282,237,-1354.9,-57.0052171,IL,N/A,Q1 2021,35202,0001445893,364200538,000044597,425 S FINANCIAL PLACE,4TH FLOOR,60605
Cubist systematic strategies  llc,STAMFORD,CT,"",0.0,0.0,,0.0042,"",2731,-17650.0,-100.0,CT,0.0000000,Q2 2018,272320,0001603465,364780832,000292081,72 CUMMINGS POINT ROAD, ,06902
Cutler group llc,SAN FRANCISCO,CA,PUT,94680.0,2409000.0,0.2504,0.0609,85,341,81090.0,596.6887417,CA,N/A,Q3 2016,338141,0001534270,943196831,000031730,101 MONTGOMERY ST,SUITE 700,94104
Cutler group llc,SAN FRANCISCO,CA,"",3878.9,194000.0,0.0202,0.006,696,1357,2126.9,121.3984018,CA,0.0075563,Q4 2016,338141,0001534270,943196831,000031730,101 MONTGOMERY ST,SUITE 700,94104
Cutler group llc,SAN FRANCISCO,CA,CALL,122040.0,537000.0,0.0558,0.0059,337,1366,90370.0,285.3489106,CA,N/A,Q4 2015,338141,0001534270,943196831,000031730,101 MONTGOMERY ST,SUITE 700,94104
Cva family office  llc,DENVER,CO,"",0.4,20.0,0.0,0.0,976,944,0.0,0.0,CO,0.0000008,Q2 2022,464273,0001802084,,000285035,255 FILLMORE STREET,SUITE 500,80206
Cwm  llc,OMAHA,NE,"",176.2,9000.0,0.0001,0.0,3032,3106,30.6,21.0164835,NE,0.0003432,Q1 2019,248238,0001535847,,,14600 BRANCH ST., ,68154
Cwm  llc,OMAHA,NE,CALL,0.0,0.0,,0.0,"",4245,-100.0,-100.0,NE,N/A,Q1 2019,248238,0001535847,,,14600 BRANCH ST., ,68154
Cypress capital management llc (wy),SHERIDAN,WY,"",149.3,7480.0,0.0088,0.1049,114,60,-1920.0,-92.7849998,WY,0.0002908,Q1 2021,289222,0001633896,,000130401,PO BOX J, ,82801
D. e. shaw & company .  inc.,NEW YORK,NY,CALL,0.0,0.0,,0.0019,"",3035,-43210.0,-100.0,NY,N/A,Q4 2019,790,0001009207,133839469,,TWO MANHATTAN WEST,"375 NINTH AVENUE, 52ND FLOOR",10001
D. e. shaw & company .  inc.,NEW YORK,NY,"",12451.8,623835.0,0.0007,0.0008,3438,3687,-4245.2,-25.4249266,NY,0.0242569,Q4 2019,790,0001009207,133839469,,TWO MANHATTAN WEST,"375 NINTH AVENUE, 52ND FLOOR",10001
Decisionpoint financial  llc,MESA,AZ,"",0.0,0.0,,0.0,"",196,-0.1,-100.0,AZ,0.0000000,Q4 2022,646968,0001938514,,000296988,2812 N. NORWALK,SUITE 116,85215
Delta asset management llc,MEMPHIS,TN,"",10.0,501.0,0.0001,0.0,612,646,0.0,0.0,TN,0.0000195,Q4 2022,833,0000860857,,000113688,700 COLONIAL ROAD,STE 220,38117
Deutsche bank ag,FRANKFURT AM MAIN GE,2M,"",3142.6,157445.0,0.0001,0.0001,3114,3010,-1482.6,-32.0548301,2M,0.0061220,Q1 2014,842,0000948046,,,TAUNUSANLAGE 12 D-60325, ,00000
Disciplined investments  llc,TULSA,OK,"",3.0,150.0,0.0001,0.0001,1533,1512,0.0,0.0,OK,0.0000058,Q3 2021,471847,0001812492,,000129696,2222 SOUTH UTICA PLACE,SUITE 200,74114
Eagle bay advisors llc,NEW YORK,NY,"",0.0,0.0,,0.0,"",897,-1.8,-100.0,NY,0.0000000,Q4 2022,525620,0001862864,,,7 WORLD TRADE CENTER,"250 GREENWICH ST., 46TH",10007
Ellevest  inc.,NEW YORK,NY,"",59.6,2986.0,0.0002,0.0002,1352,1351,0.0,0.0,NY,0.0001161,Q4 2020,299107,0001644128,,000175476,228 PARK AVE S.,PMB 94934,10003-1502
Emg holdings  l.p.,OLD GREENWICH,CT,PUT,1182150.0,59225715.0,6.1905,3.7894,6,5,576720.0,95.2579159,CT,N/A,Q3 2021,107394,0001478394,,,53 FOREST AVENUE, ,06870
Emg holdings  l.p.,OLD GREENWICH,CT,CALL,225880.0,11316588.0,1.1828,,16,,225880.0,,CT,N/A,Q1 2023,107394,0001478394,,,53 FOREST AVENUE, ,06870
Eminence capital  lp,NEW YORK,NY,"",274682.0,13761568.0,0.1954,,61,,274682.0,,NY,0.5350983,Q1 2023,953,0001107310,,000160611,"399 PARK AVENUE, 25TH FLOOR", ,10022
Engineers gate manager lp,NEW YORK,NY,"",5299.5,265505.0,0.0111,0.0534,1316,552,-16525.1,-75.717768,NY,0.0103238,Q2 2017,289127,0001620220,,,767 5TH AVENUE,7TH FLOOR,10153
Envestnet asset management inc,CHICAGO,IL,"",0.0,0.0,,0.0001,"",3794,-2799.4,-100.0,IL,0.0000000,Q4 2020,50470,0001407543,364319587,,222 N. LASALLE ST.,SUITE 625,60601
Equitec proprietary markets  llc,CHICAGO,IL,PUT,3000.0,150300.0,0.0709,,56,,3000.0,,IL,N/A,Q1 2023,123360,0001143261,,,111 W. JACKSON,20TH FL.OOR,60604
Equitec proprietary markets  llc,CHICAGO,IL,"",125.0,6263.0,0.003,0.0016,98,148,0.0,0.0,IL,0.0002435,Q2 2021,123360,0001143261,,,111 W. JACKSON,20TH FL.OOR,60604
Equitec proprietary markets  llc,CHICAGO,IL,CALL,0.0,0.0,,0.0529,"",81,-4100.0,-100.0,IL,N/A,Q2 2022,123360,0001143261,,,111 W. JACKSON,20TH FL.OOR,60604
Etf managers group  llc,SUMMIT,NJ,"",22692.2,1136879.0,0.0367,0.094,193,109,-26605.6,-53.9691426,NJ,0.0442059,Q3 2022,301629,0001645173,383938178,,30 MAPLE STREET,SUITE 2,07901
Eversource wealth advisors  llc,BIRMINGHAM,AL,"",5.5,276.0,0.0,0.0002,2298,2039,-24.9,-81.9078947,AL,0.0000107,Q4 2021,375969,0001710537,,000286340,3500 COLONNADE PKWY,SUITE 150,35243
Ewg elevate inc.,ROSEVILLE,CA,"",0.0,0.0,,0.0033,"",437,-160.0,-100.0,CA,0.0000000,Q4 2022,461834,0001765278,823365869,,3200 DOUGLAS BLVD STE 305, ,95661
Exchange traded concepts  llc,OKLAHOMA CITY,OK,"",815.6,40862.0,0.0011,0.0007,904,946,197.7,31.9954685,OK,0.0015888,Q2 2021,150256,0001457320,,000151197,10900 HEFNER POINTE DRIVE,SUITE 400,73120
Exoduspoint capital management  lp,NEW YORK,NY,CALL,90830.0,4542000.0,0.0376,0.0145,548,942,65830.0,263.32,NY,N/A,Q4 2022,431504,0001736225,,000294156,65 E 55TH STREET,5TH FLOOR,10022
Exoduspoint capital management  lp,NEW YORK,NY,"",4.1,0.0,0.0,0.0003,1701,1565,-570.9,-99.2869565,NY,0.0000080,Q2 2021,431504,0001736225,,000294156,65 E 55TH STREET,5TH FLOOR,10022
Exoduspoint capital management  lp,NEW YORK,NY,PUT,68260.0,3413000.0,0.0283,,663,,68260.0,,NY,N/A,Q1 2023,431504,0001736225,,000294156,65 E 55TH STREET,5TH FLOOR,10022
Farther finance advisors  llc,SAN FRANCISCO,CA,"",6.1,306.0,0.0001,,2118,,6.1,,CA,0.0000119,Q1 2023,645686,0001992825,,000302050,345 CALIFORNIA STREET,SUITE 600,94104
Federated hermes  inc.,PITTSBURGH,PA,"",0.0,0.0,,0.0,"",1921,-132.0,-100.0,PA,0.0000000,Q3 2022,1018,0001056288,,,1001 LIBERTY AVENUE,1001 LIBERTY AVE,15222
Federation des caisses desjardins du quebec,LEVIS,A8,"",574.0,28757.0,0.0003,0.0003,1479,1661,50.8,9.7094801,A8,0.0011182,Q1 2022,670147,0002022297,,,100 RUE DES COMMANDEURS, ,G6V5C1
Financial avengers  inc.,OAKLAND,CA,"",2.0,100.0,0.0001,0.0001,174,177,0.0,0.0,CA,0.0000039,Q2 2021,499390,0001844393,,000119636,827 BROADWAY,SUITE 210,94612
Financial connections group  inc.,CORTE MADERA,CA,"",10.0,0.0,0.0,0.0,241,229,0.0,0.0,CA,0.0000195,Q4 2022,556120,0001907157,,,21 TAMAL VISTA BLVD.,#105,94925
Financial gravity asset management  inc.,LAKEWAY,TX,"",0.6,0.0,0.0,,1068,,0.6,,TX,0.0000012,Q1 2023,406122,0001741736,,,"2501 RANCH RD 620 S, SUITE 110", ,78734
Financial synergies wealth advisors  inc.,HOUSTON,TX,"",100.0,5010.0,0.0007,0.0006,264,222,0.0,0.0,TX,0.0001948,Q2 2022,666114,0002017868,,000105643,"4400 POST OAK PKWY, STE 200", ,77027
First horizon advisors  inc.,MEMPHIS,TN,"",142.4,7133.0,0.0003,0.0003,1692,1675,-40.0,-21.9298246,TN,0.0002774,Q2 2021,248358,0001588539,,,"165 MADISON AVE., 14TH FL.", ,38103
First trust advisors lp,WHEATON,IL,"",27489.1,1377203.0,0.0016,0.0003,1855,2338,21354.3,348.0846971,IL,0.0535505,Q2 2021,1082,0001125816,,000104889,120 EAST LIBERTY DRIVE,SUITE 400,60187
Fmr llc,BOSTON,MA,"",706.2,35379.0,0.0,0.0,3599,3341,-944.9,-57.2285143,MA,0.0013757,Q1 2018,1098,0000315066,,,245 SUMMER STREET, ,02210
Fny investment advisers  llc,NEW YORK,NY,PUT,150.6,7000.0,0.008,,366,,150.6,,NY,N/A,Q1 2023,411312,0001742998,301042656,,"1540 BROADWAY, SUITE 1600", ,10036
Focused wealth management  inc,NEWBURGH,NY,"",8.5,426.0,0.0001,0.0001,947,980,0.0,0.0,NY,0.0000166,Q2 2021,247061,0001586052,,000154828,11 BALMVILLE RD,SUITE 2 NORTH,12550
Fourworld capital management llc,NEW YORK,NY,CALL,30000.0,15030000.0,3.4594,,6,,30000.0,,NY,N/A,Q1 2023,434046,0001770525,,000284138,"7 WORLD TRADE CENTER, FL. 46", ,10007
Franklin resources inc,SAN MATEO,CA,"",1440.1,72149.0,0.0,0.0,2153,2214,184.6,14.7033055,CA,0.0028054,Q3 2021,1125,0000038777,,000110783,ONE FRANKLIN PARKWAY,"BUILDING 920/2, LEGAL-FRI SECRETARY",94403
Freedom wealth alliance  llc,BROOKFIELD,WI,"",0.0,0.0,,0.008,"",337,-140.0,-100.0,WI,0.0000000,Q4 2022,624360,0001941346,464951227,000170456,675 NORTH BARKER ROAD,SUITE 220,53045
Geneos wealth management inc.,ENGLEWOOD,CO,"",202.4,10140.0,0.0006,0.0005,1550,1585,0.0,0.0,CO,0.0003943,Q3 2017,115826,0001764754,,,9635 MAROON CIR,SUITE 100,80112
Geode capital management  llc,BOSTON,MA,"",716499.0,35896617.0,0.0047,0.0039,1415,1544,27371.9,3.9719669,MA,1.3957863,Q1 2014,1188,0001214717,,000115504,100 SUMMER STREET,12TH FLOOR,02110
Glassman wealth services,VIENNA,VA,"",18.0,902.0,0.0002,0.0001,1465,1514,0.0,0.0,VA,0.0000351,Q4 2017,297601,0001642160,,000151478,8000 TOWERS CRESCENT DRIVE #1450, ,22182
Glen eagle advisors  llc,KINGSTON,NJ,"",410.0,20541.0,0.0052,0.0046,507,522,0.0,0.0,NJ,0.0007987,Q2 2021,120356,0002029317,,000282920,"4422C ROUTE 27, PO BOX 399", ,08528
Global retirement partners  llc,SAN RAFAEL,CA,"",141.0,8093.0,0.0004,0.0002,1993,2284,80.5,133.0578512,CA,0.0002747,Q1 2021,413923,0001749744,,,4340 REDWOOD HIGHWAY,SUITE B-60,94903
Global wealth strategies & associates,DENVER,CO,"",42.5,2129.0,0.0011,0.001,261,275,-0.3,-0.7009346,CO,0.0000828,Q4 2022,620924,0001912297,,000316072,3200 CHERRY CREEK SOUTH DRIVE,SUITE 280,80209
Goldman sachs group inc,NEW YORK,NY,"",165030.4,8268023.0,0.0019,0.0019,2599,2800,-26939.6,-14.0332344,NY,0.3214899,Q1 2016,1222,0000886982,,,200 WEST STREET, ,10282
Goldman sachs group inc,NEW YORK,NY,PUT,166660.0,8349666.0,0.0019,0.0008,2581,3576,89700.0,116.5540541,NY,N/A,Q2 2021,1222,0000886982,,,200 WEST STREET, ,10282
Goldman sachs group inc,NEW YORK,NY,CALL,100000.0,5010000.0,0.0012,,3066,,100000.0,,NY,N/A,Q1 2023,1222,0000886982,,,200 WEST STREET, ,10282
Gradient investments llc,ARDEN HILLS,MN,"",30.0,1503.0,0.0,0.0,1150,1163,0.0,0.0,MN,0.0000584,Q2 2020,166519,0001542265,,,4105 LEXINGTON AVENUE NORTH,SUITE 250,55126
Group one trading llc,CHICAGO,IL,CALL,908930.0,45537393.0,0.1644,0.0785,66,244,79670.0,9.6073608,IL,N/A,Q2 2016,88675,0000932540,,000037484,425 S FINANCIAL PLACE,SUITE 3400,60605
Group one trading llc,CHICAGO,IL,PUT,630260.0,31576026.0,0.114,0.0434,121,435,171490.0,37.3803867,IL,N/A,Q3 2017,88675,0000932540,,000037484,425 S FINANCIAL PLACE,SUITE 3400,60605
Gsa capital partners llp,LONDON,X0,"",8187.4,410000.0,0.0406,,839,,8187.4,,X0,0.0159496,Q1 2023,1278,0001362033,,,STRATTON HOUSE,5 STRATTON STREET,W1J 8LA
Guggenheim capital llc,CHICAGO,IL,"",4483.6,224628.0,0.0019,0.0004,1764,1898,3243.9,261.6681455,IL,0.0087343,Q3 2021,1284,0001283072,000000000,,227 WEST MONROE,SUITE 4900,60606
Handelsbanken fonder ab,STOCKHOLM,V7,"",11410.0,572000.0,0.0033,0.0019,942,1233,3840.0,50.7265522,V7,0.0222274,Q2 2021,218853,0001398318,,,BLASIEHOLMSTORG 12, ,10670
Hantz financial services  inc.,SOUTHFIELD,MI,"",1.5,0.0,0.0,0.0,1095,1066,0.0,0.0,MI,0.0000029,Q4 2022,113672,0001071061,383431708,,26200 AMERICAN DRIVE,FIFTH FLOOR,48034
Hap trading  llc,NEW YORK,NY,PUT,5240.0,91000.0,0.0142,0.6193,416,38,-14620.0,-73.6153072,NY,N/A,Q3 2019,70797,0001484972,,,"395 HUDSON STREET, 10TH FLOOR", ,10014
Hap trading  llc,NEW YORK,NY,"",5374.5,269000.0,0.042,0.0293,267,394,-1669.5,-23.7010221,NY,0.0104699,Q4 2020,70797,0001484972,,,"395 HUDSON STREET, 10TH FLOOR", ,10014
Hap trading  llc,NEW YORK,NY,CALL,127950.0,420000.0,0.0656,0.0251,211,421,-14530.0,-10.1979225,NY,N/A,Q1 2019,70797,0001484972,,,"395 HUDSON STREET, 10TH FLOOR", ,10014
Hapanowicz & associates financial services  inc,PITTSBURGH,PA,"",1000.0,50100.0,0.0346,0.0295,28,28,0.0,0.0,PA,0.0019481,Q2 2021,357510,0001695959,,,FOSTER PLAZA 6,"681 ANDERSEN DRIVE, SUITE 100",15220
Harbour investments  inc.,MADISON,WI,"",21.2,1062.0,0.0001,0.0001,2679,2716,0.0,0.0,WI,0.0000413,Q2 2022,114688,0000810121,,000019258,575 D'ONOFRIO DRIVE,SUITE 300,53719
Hbk investments l p,DALLAS,TX,CALL,97810.0,4969665.0,0.0317,,99,,97810.0,,TX,N/A,Q1 2023,1345,0001011443,,000115079,2300 NORTH FIELD STREET,STE 2200,75201
Hbk investments l p,DALLAS,TX,PUT,50000.0,2505000.0,0.016,,143,,50000.0,,TX,N/A,Q2 2021,1345,0001011443,,000115079,2300 NORTH FIELD STREET,STE 2200,75201
Hbk sorce advisory llc,ERIE,PA,"",5098.0,255410.0,0.0116,0.0067,475,600,-998.0,-16.3713911,PA,0.0099312,Q4 2020,1346,0001379995,,000112139,2725 COLONIAL AVE, ,16506
Hhm wealth advisors  llc,CHATTANOOGA,TN,"",100.0,5010.0,0.001,0.0009,640,549,0.0,0.0,TN,0.0001948,Q3 2022,431293,0001750086,,000150843,1181 KING STREET, ,37403
Highbridge capital management llc,NEW YORK,NY,PUT,87400.0,4379000.0,0.161,,106,,87400.0,,NY,N/A,Q1 2023,1374,0000919185,,,277 PARK AVE,23RD FLOOR,10172
Highbridge capital management llc,NEW YORK,NY,CALL,50000.0,2505000.0,0.0921,,122,,50000.0,,NY,N/A,Q1 2023,1374,0000919185,,,277 PARK AVE,23RD FLOOR,10172
Highbridge capital management llc,NEW YORK,NY,"",5000.0,250000.0,0.0092,,190,,5000.0,,NY,0.0097403,Q1 2023,1374,0000919185,,,277 PARK AVE,23RD FLOOR,10172
Hightower advisors  llc,CHICAGO,IL,"",1522.0,77000.0,0.0002,0.0001,2987,3048,300.1,24.5601113,IL,0.0029650,Q1 2021,57800,0001462245,,000145323,200 W. MADISON ST.,SUITE 2500,60606
Hightower advisors  llc,CHICAGO,IL,CALL,90.0,1079.0,0.0,,3309,,90.0,,IL,N/A,Q1 2023,57800,0001462245,,000145323,200 W. MADISON ST.,SUITE 2500,60606
Hoey investments  inc,COATESVILLE,PA,"",20.0,1002.0,0.0004,0.0004,318,277,0.0,0.0,PA,0.0000390,Q3 2021,460285,0001799544,,000152103,1000 BRANDYWINE CREEK ROAD, ,19320
Hollencrest capital management,NEWPORT BEACH,CA,"",500.0,25050.0,0.0027,0.0025,594,611,0.0,0.0,CA,0.0009740,Q4 2022,1399,0001161722,,000046217,"100 BAYVIEW CIRCLE, SUITE 500", ,92660
Householder group estate & retirement specialist  llc,SCOTTSDALE,AZ,"",40.0,2000.0,0.0008,,1063,,40.0,,AZ,0.0000779,Q1 2023,565701,0001881590,463565813,000169045,8985 E. BELL ROAD, ,85260
Hrt financial lp,NEW YORK,NY,"",10766.7,539000.0,0.0066,0.0033,1318,1870,4996.7,86.5979203,NY,0.0209742,Q2 2022,124305,0001475597,,000152144,"3 WORLD TRADE CENTER, 175 GREENWICH STRE",76TH FLOOR,10007
Hsbc holdings plc,LONDON, ,"",3717.9,184125.0,0.0002,0.0002,2465,2837,-1067.2,-22.3025642, ,0.0072427,Q2 2015,1422,0000873630,,,8 CANADA SQUARE, ,E14 5HQ
Hudson bay capital management lp,STAMFORD,CT,PUT,458640.0,22977864.0,0.1892,,94,,458640.0,,CT,N/A,Q1 2023,1423,0001393825,,,290 HARBOR DR,3RD FLOOR,06902
Hudson bay capital management lp,STAMFORD,CT,CALL,0.0,0.0,,0.0208,"",603,-50000.0,-100.0,CT,N/A,Q4 2022,1423,0001393825,,,290 HARBOR DR,3RD FLOOR,06902
Hunting hill global capital  llc,NEW YORK,NY,PUT,14210.0,711921.0,0.5584,0.0555,25,57,12120.0,579.9043062,NY,N/A,Q4 2022,358133,0001697398,,000167481,122 EAST 42ND STREET,SUITE 5005,10168
Hunting hill global capital  llc,NEW YORK,NY,"",0.0,0.0,,0.0013,"",71,-50.0,-100.0,NY,0.0000000,Q4 2022,358133,0001697398,,000167481,122 EAST 42ND STREET,SUITE 5005,10168
Hunting hill global capital  llc,NEW YORK,NY,CALL,1010.0,50601.0,0.0397,,52,,1010.0,,NY,N/A,Q1 2023,358133,0001697398,,000167481,122 EAST 42ND STREET,SUITE 5005,10168
Huntington national bank,COLUMBUS,OH,"",10.0,501.0,0.0,,2087,,10.0,,OH,0.0000195,Q1 2023,1431,0000049205,,,41 SOUTH HIGH STREET,HC 1122,43216
Hutchens & kramer investment management group  llc,CARMEL,IN,"",2288.7,114664.0,0.0991,0.0746,117,108,-210.4,-8.4190309,IN,0.0044585,Q4 2021,570598,0001920117,,,99 E CARMEL DRIVE,SUITE 160,46032
Ica group wealth management  llc,DENVER,CO,"",12.0,602.0,0.0001,0.0001,1187,1238,1.0,9.0909091,CO,0.0000234,Q4 2022,609240,0001944579,853644761,000311419,2000 S. COLORADO BLVD,"ANNEX BUILDING, SUITE 315",80222
Ifp advisors  inc,TAMPA,FL,"",356.3,52732.0,0.0023,0.0056,1550,1329,-1013.0,-73.9794055,FL,0.0006941,Q1 2020,327916,0001641866,,,3030 NORTH ROCKY POINT DRIVE W. STE 700, ,33607
Imc-chicago  llc,CHICAGO,IL,PUT,155410.0,7786041.0,0.0091,0.0138,574,490,-61280.0,-28.2800314,IL,N/A,Q2 2020,49343,0001452861,,,233 SOUTH WACKER,SUITE 4300,60606
Imc-chicago  llc,CHICAGO,IL,CALL,109400.0,5480940.0,0.0064,0.0138,658,491,-106920.0,-49.4267751,IL,N/A,Q2 2020,49343,0001452861,,,233 SOUTH WACKER,SUITE 4300,60606
Imc-chicago  llc,CHICAGO,IL,"",21126.8,1058453.0,0.0012,0.0014,1072,1073,-967.2,-4.3776591,IL,0.0411564,Q1 2022,49343,0001452861,,,233 SOUTH WACKER,SUITE 4300,60606
Invesco ltd.,ATLANTA,GA,"",84218.8,4219363.0,0.0012,0.0004,2307,2750,47107.8,126.9375657,GA,0.1640637,Q4 2016,147,0000914208,980557567,000000000,1331 SPRING STREET NE,SUITE 2500,30309
Ionic capital management llc,NEW YORK,NY,CALL,7500.0,375750.0,0.1096,,119,,7500.0,,NY,N/A,Q1 2023,1493,0001386462,680629832,000156400,475 FIFTH AVENUE,9TH FLOOR,10017
Iron horse wealth management  llc,JOHSTON,IA,"",15.0,752.0,0.0004,0.0005,309,209,0.0,0.0,IA,0.0000292,Q4 2021,496059,0001836270,,000165164,8711 WINDSOR PKWY STE. 4, ,50131
Islay capital management  llc,LUBBOCK,TX,"",10.0,501.0,0.0005,0.0005,216,238,0.0,0.0,TX,0.0000195,Q3 2021,463328,0001738560,,000114531,8001 QUAKER AVENUE,SUITE J,79424
Jag capital management  llc,ST LOUIS,MO,"",0.0,0.0,,0.0,"",597,-1.0,-100.0,MO,0.0000000,Q4 2022,1212,0001080374,,,1610 DES PERES RD,SUITE 120,63131
Jane street group  llc,NEW YORK,NY,CALL,531640.0,26635164.0,0.0109,0.0104,859,954,-26630.0,-4.7700933,NY,N/A,Q1 2018,264380,0001595888,,,250 VESEY STREET,6TH FLOOR,10281
Jane street group  llc,NEW YORK,NY,PUT,319780.0,16020978.0,0.0066,0.0063,1219,1375,-13410.0,-4.0247306,NY,N/A,Q4 2017,264380,0001595888,,,250 VESEY STREET,6TH FLOOR,10281
Jane street group  llc,NEW YORK,NY,"",23714.5,1188096.0,0.0005,0.0029,4811,2240,-132925.1,-84.8604695,NY,0.0461974,Q4 2016,264380,0001595888,,,250 VESEY STREET,6TH FLOOR,10281
Janus henderson group plc,LONDON,X0,"",0.0,0.0,,0.0005,"",1540,-17244.0,-100.0,X0,0.0000000,Q1 2021,1357,0001274173,,000119232,201 BISHOPSGATE, ,EC2M 3AE
Jefferies financial group inc.,NEW YORK,NY,PUT,104170.0,5218917.0,0.0422,0.0016,352,1258,98420.0,1711.6521739,NY,N/A,Q4 2022,1685,0000096223,,,520 MADISON AVENUE, ,10022
Jefferies financial group inc.,NEW YORK,NY,CALL,36620.0,1834662.0,0.0148,0.0075,683,844,9910.0,37.1022089,NY,N/A,Q4 2022,1685,0000096223,,,520 MADISON AVENUE, ,10022
Jefferies financial group inc.,NEW YORK,NY,"",2000.0,100200.0,0.0008,0.0007,1438,1364,-520.0,-20.6349206,NY,0.0038961,Q4 2022,1685,0000096223,,,520 MADISON AVENUE, ,10022
Jet capital investors l p,NEW YORK,NY,PUT,185000.0,9268500.0,3.1362,,10,,185000.0,,NY,N/A,Q1 2023,1532,0001278235,030460065,,515 MADISON AVENUE,SUITE 22A,10022
Jfs wealth advisors  llc,HERMITAGE,PA,"",3.6,181.0,0.0,0.0,1837,1747,-7.3,-66.9724771,PA,0.0000070,Q1 2021,199248,0001568068,,000145051,1479 N. HERMITAGE RD, ,16148
Johnson & white wealth management  llc,YORK,PA,"",0.0,0.0,,0.6556,"",39,-429.7,-100.0,PA,0.0000000,Q4 2022,613833,0001954136,465067637,,224 ST. CHARLES WAY,SUITE 200,17402
Johnson financial group  inc.,RACINE,WI,"",158.0,11013.0,0.0008,,515,,158.0,,WI,0.0003078,Q1 2023,70338,0001477024,391629756,,555 MAIN STREET, ,53403
Johnson midwest financial  llc,GLIDDEN,IA,"",50.5,2530.0,0.0036,0.0073,313,314,0.0,0.0,IA,0.0000984,Q2 2021,496681,0001732399,465012548,,706 MONTANA ST., ,51443
Jpmorgan chase & company,NEW YORK,NY,"",42718.6,2140000.0,0.0003,0.0001,3506,4026,17294.3,68.0227184,NY,0.0832186,Q1 2014,1505,0000019617,,,383 MADISON AVENUE,270 PARK AVENUE,10017
Jpmorgan chase & company,NEW YORK,NY,CALL,15000.0,752000.0,0.0001,,4250,,15000.0,,NY,N/A,Q1 2023,1505,0000019617,,,383 MADISON AVENUE,270 PARK AVENUE,10017
Kestra advisory services  llc,AUSTIN,TX,"",2656.8,133105.0,0.0014,,1920,,2656.8,,TX,0.0051756,Q1 2023,488550,0001830819,352552359,,5707 SOUTHWEST PARKWAY,"BUILDING 2, SUITE 400",78735
Larson financial group llc,ST LOUIS,MO,"",465.8,23337.0,0.0025,0.0023,705,702,0.1,0.0214731,MO,0.0009074,Q1 2021,392348,0001731061,,000140599,100 N BROADWAY,SUITE 1700,63102
Legacy financial strategies  llc,OVERLAND PARK,KS,"",1259.3,63091.0,0.0234,,72,,1259.3,,KS,0.0024532,Q1 2023,401094,0001723925,431889313,000283553,"5400 COLLEGE BLVD., SUITE A", ,66211
Legal & general group plc,LONDON,X0,"",33744.1,1690550.0,0.0006,0.0016,1953,1521,-66305.1,-66.2724939,X0,0.0657357,Q3 2014,1673,0000764068,,,ONE COLEMAN STREET, ,EC2R 5AA
Lido advisors  llc,LOS ANGELES,CA,PUT,0.0,0.0,,0.001,"",975,-2000.0,-100.0,CA,N/A,Q4 2022,366433,0001650150,,000269866,1875 CENTURY PARK EAST,SUITE 950,90067
Lido advisors  llc,LOS ANGELES,CA,"",1081.0,54159.0,0.0005,,1111,,1081.0,,CA,0.0021059,Q1 2023,366433,0001650150,,000269866,1875 CENTURY PARK EAST,SUITE 950,90067
Lindbrook capital  llc,CALABASAS,CA,"",41.1,2059.0,0.0002,0.0005,2232,1890,-66.1,-61.6604478,CA,0.0000801,Q2 2021,430627,0001767045,,000155812,23975 PARK SORRENTO,STE. 230,91302
Lmr partners llp,LONDON,X0,PUT,146190.0,7324119.0,0.1135,0.0934,205,255,24080.0,19.7199247,X0,N/A,Q3 2022,262724,0001578621,,000159639,"9TH FLOOR, DEVONSHIRE HOUSE",MAYFAIR PLACE,W1J 8AJ
Lowe wealth advisors  llc,COLUMBIA,MD,"",10.0,501.0,0.0003,0.0002,329,339,0.0,0.0,MD,0.0000195,Q1 2021,315577,0001574010,,000157906,6230 OLD DOBBIN LANE; SUITE 170, ,21045
Lpl financial llc,SAN DIEGO,CA,"",29095.6,1457690.0,0.0011,0.0002,2429,3796,22849.5,365.8202718,CA,0.0566801,Q3 2017,1705,0001403438,,000006413,4707 EXECUTIVE DRIVE, ,92121
M&t bank corp,BUFFALO,NY,"",2523.3,126887.0,0.0005,0.0002,1543,1582,1323.6,110.3275819,NY,0.0049156,Q2 2022,1755,0000036270,,,C/O LEGAL,ONE M&T PLAZA,14203
Machina capital s.a.s.,PARIS, ,"",513.0,25701.0,0.0226,,371,,513.0,, ,0.0009994,Q1 2023,434742,0001744373,,000289445,"10, RUE DE CASTIGLIONE", ,75001
Manchester capital management llc,MANCHESTER,VT,"",0.0,0.0,,0.0,"",972,-5.0,-100.0,VT,0.0000000,Q1 2021,208343,0001393389,,000110003,3657 MAIN STREET,PO BOX 416,05254
Manufacturers life insurance company  the,CANADA,A6,"",1866.9,93532.0,0.0001,0.0001,2758,2842,-147.3,-7.3130772,A6,0.0036368,Q1 2014,1783,0000928047,,,200 BLOOR STREET EAST,TORONTO ONTARIO,M4W 1E5
Marathon trading investment management llc,RADNOR,PA,PUT,342770.0,17172777.0,1.256,0.5724,22,41,228500.0,199.9649952,PA,N/A,Q1 2021,288665,0001572748,,,FOUR RADNOR CORPORATE CENTER,SUITE 255,19087
Marathon trading investment management llc,RADNOR,PA,CALL,187020.0,9369702.0,0.6853,0.2996,31,53,127200.0,212.6379137,PA,N/A,Q3 2021,288665,0001572748,,,FOUR RADNOR CORPORATE CENTER,SUITE 255,19087
Mariner  llc,OVERLAND PARK,KS,"",1450.1,73000.0,0.0002,0.0002,2625,2595,-0.1,-0.0068956,KS,0.0028249,Q1 2022,60278,0001373442,,,5700 W. 112TH STREET,SUITE 500,66211
Marshall wace  llp,LONDON,X0,"",0.0,0.0,,0.0033,"",1898,-36480.8,-100.0,X0,0.0000000,Q2 2022,1807,0001318757,000000000,000160885,GEORGE HOUSE,131 SLOANE STREET,SW1X 9AT
Maryland state retirement & pension system,BALTIMORE,MD,"",3977.6,199278.0,0.0044,0.0047,1475,1476,0.0,0.0,MD,0.0077486,Q2 2022,499096,0001795552,,,120 E. BALTIMORE STREET, ,21202
Maven securities ltd,ST HELIER,Y9,CALL,0.0,0.0,,0.0047,"",787,-5000.0,-100.0,Y9,N/A,Q4 2022,358239,0001633046,,,28 ESPLANADE, ,JE1 8SB
Maven securities ltd,ST HELIER,Y9,PUT,127500.0,6387750.0,0.1331,,110,,127500.0,,Y9,N/A,Q1 2023,358239,0001633046,,,28 ESPLANADE, ,JE1 8SB
Mcf advisors llc,COVINGTON,KY,"",295.0,14780.0,0.0014,0.0007,519,571,130.7,79.5496044,KY,0.0005747,Q1 2021,264156,0001602905,,000130372,50 E RIVERCENTER BLVD.,SUITE 300,41011
Mcilrath & eck  llc,ARLINGTON,WA,"",10.0,501.0,0.0001,,876,,10.0,,WA,0.0000195,Q1 2023,395566,0001701714,,000145252,3325 SMOKEY POINT DRIVE,SUITE 201,98223
Medici capital llc,NEWPORT BEACH,CA,"",0.0,0.0,,0.3927,"",5,-9733.0,-100.0,CA,0.0000000,Q4 2022,624621,0001777234,,000008394,520 NEWPORT CENTER DRIVE,SUITE 620,92660
Meeder asset management inc,DUBLIN,OH,"",0.0,0.0,,0.0003,"",716,-88.8,-100.0,OH,0.0000000,Q4 2022,1866,0000809443,,000105794,6125 MEMORIAL DRIVE, ,43017
Melqart asset management (uk) ltd,LONDON,X0,PUT,0.0,0.0,,1.6341,"",26,-475000.0,-100.0,X0,N/A,Q4 2022,392364,0001712901,,000287888,5 ST JAMES'S SQUARE, ,SW1Y 4JU
Mercer global advisors inc,DENVER,CO,"",0.0,0.0,,0.0002,"",1866,-1133.0,-100.0,CO,0.0000000,Q4 2022,436641,0000853758,,,1200 17TH STREET,SUITE 500,80202
Metlife investment management  llc,WHIPPANY,NJ,"",1070.4,53627.0,0.0004,0.0003,2714,2772,2.3,0.2153356,NJ,0.0020852,Q4 2017,149931,0001529735,,000142463,ONE METLIFE WAY, ,07981
Mgo private wealth  llc,IRVINE,CA,"",2559.1,128211.0,0.1005,0.0475,72,126,-0.5,-0.0195343,CA,0.0049853,Q3 2022,613923,0001952532,,,111 PACIFICA,SUITE 300,92618
Millennium management llc,NEW YORK,NY,"",209916.6,10517000.0,0.006,0.0012,1911,3526,158530.2,308.5061417,NY,0.4089311,Q1 2014,1909,0001273087,,,399 PARK AVENUE, ,10022
Millennium management llc,NEW YORK,NY,PUT,754060.0,37552000.0,0.0215,0.0002,873,4852,742720.0,6549.5590829,NY,N/A,Q3 2022,1909,0001273087,,,399 PARK AVENUE, ,10022
Millennium management llc,NEW YORK,NY,CALL,165790.0,8306000.0,0.0048,,2139,,165790.0,,NY,N/A,Q1 2023,1909,0001273087,,,399 PARK AVENUE, ,10022
Miller wealth advisors  llc,RIDGEWAY,CO,"",0.0,0.0,,0.0097,"",46,-175.8,-100.0,CO,0.0000000,Q2 2022,603061,0001908158,,000171329,45 WHITE HOUSE VISTA PLACE, ,81432
Minichmacgregor wealth management  llc,SARATOGA SPRINGS,NY,"",0.0,0.0,,0.0002,"",675,-10.3,-100.0,NY,0.0000000,Q4 2022,409387,0001744318,270952089,000151237,21 CONGRESS STREET,SUITE 203,12866
Moisand fitzgerald tamayo  llc,ORLANDO,FL,"",3.0,151.0,0.0,0.0,762,754,0.0,0.0,FL,0.0000058,Q1 2021,327779,0001649107,,,300 SOUTH ORANGE AVENUE,SUITE 1170,32801
Money concepts capital corp,PALM BEACH GARDENS,FL,"",0.0,0.0,,0.0004,"",2131,-194.4,-100.0,FL,0.0000000,Q4 2022,113990,0000716851,592268067,000012963,11440 JOG ROAD, ,33418
Morgan stanley,NEW YORK,NY,"",86960.8,4356737.0,0.0005,0.0006,3896,3774,-34771.2,-28.5637302,NY,0.1694053,Q1 2014,1947,0000895421,,,1585 BROADWAY, ,10036
National bank of canada,MONTREAL,A8,PUT,801.5,4015515.0,0.0099,0.0082,650,750,13.7,1.7390201,A8,N/A,Q4 2021,84881,0000926171,,,NATIONAL BANK PLACE,800 SAINT-JACQUES STREET,H3C 1A3
National bank of canada,MONTREAL,A8,CALL,640.0,3206400.0,0.0079,0.0238,726,443,-1660.0,-72.173913,A8,N/A,Q4 2021,84881,0000926171,,,NATIONAL BANK PLACE,800 SAINT-JACQUES STREET,H3C 1A3
National bank of canada,MONTREAL,A8,"",21277.0,1065976.0,0.0026,0.0034,1033,993,-11520.0,-35.1251639,A8,0.0414490,Q4 2021,84881,0000926171,,,NATIONAL BANK PLACE,800 SAINT-JACQUES STREET,H3C 1A3
Natixis,PARIS,I0,"",0.0,0.0,,0.0,"",1055,-3.4,-100.0,I0,0.0000000,Q3 2022,1979,0001274981,000000000,,"7, PROMENADE GERMAINE SABLON", ,75013
Natixis,PARIS,I0,CALL,5000.0,250500.0,0.0023,,722,,5000.0,,I0,N/A,Q3 2022,1979,0001274981,000000000,,"7, PROMENADE GERMAINE SABLON", ,75013
New england capital financial advisors llc,MERIDEN,CT,"",10.0,501.0,0.0004,0.0004,398,394,0.0,0.0,CT,0.0000195,Q4 2022,623048,0001964652,,000109203,79 MAIN STREET, ,06451
New millennium group llc,SANDY,UT,"",6.6,331.0,0.0003,0.0003,402,442,0.0,0.0,UT,0.0000129,Q2 2022,556192,0001909654,,000299249,10050 SOUTH STATE STREET, ,84070
New york state common retirement fund,ALBANY,NY,"",50770.0,2543577.0,0.0034,0.003,1445,1577,-3550.0,-6.5353461,NY,0.0989032,Q2 2015,1999,0000810265,,,OFFICE OF THE STATE COMPTROLLER,"14TH FLOOR, 110 STATE STREET",12236
Newedge advisors  llc,NEW ORLEANS,LA,"",165.5,8292.0,0.0001,0.0003,2620,2296,-256.9,-60.8191288,LA,0.0003224,Q4 2022,289067,0001633516,,,858 CAMP STREET, ,70130
Ninepointtwo capital llc,LOS ANGELES,CA,"",5853.1,293000.0,0.1105,,48,,5853.1,,CA,0.0114022,Q1 2023,501293,0001824516,824646087,000297270,"1901 AVENUE OF THE STARS, SUITE #1100", ,90067
Nisa investment advisors  llc,ST. LOUIS,MO,"",4770.0,239000.0,0.0019,0.0016,1268,1370,-150.0,-3.0487805,MO,0.0092923,Q1 2016,2014,0000937615,,000107313,7676 FORSYTH BLVD SUITE 1100,SUITE 1100,63105
Nomura asset management company ltd,TOKYO, ,"",0.0,0.0,0.0,0.0,"",1490,-130.0,-100.0, ,0.0000000,Q3 2021,2019,0001055964,,000110814,TOYOSU BAYSIDE CROSS TOWER,"2-2-1, TOYOSU, KOTO-KU",135-0061
Nomura holdings inc,TOKYO, ,PUT,385500.0,19313550.0,0.0615,0.0118,206,639,314500.0,442.9577465, ,N/A,Q3 2022,2021,0001163653,,,1-13-1 NIHONBASHI,CHUO-KU,103-8645
Nomura holdings inc,TOKYO, ,CALL,0.0,0.0,,0.0166,"",551,-100000.0,-100.0, ,N/A,Q4 2022,2021,0001163653,,,1-13-1 NIHONBASHI,CHUO-KU,103-8645
Nomura holdings inc,TOKYO, ,"",0.0,0.0,,0.0002,"",1249,-1091.5,-100.0, ,0.0000000,Q2 2022,2021,0001163653,,,1-13-1 NIHONBASHI,CHUO-KU,103-8645
Northern trust corp,CHICAGO,IL,"",222852.4,11164905.0,0.0022,0.002,1940,2044,-11684.3,-4.9818642,IL,0.4341309,Q1 2014,2043,0000073124,,000160034,50 S LASALLE ST, ,60603
Northwestern mutual wealth management company,MILWAUKEE,WI,"",46.2,2315.0,0.0,0.0,2913,2697,-90.3,-66.1538462,WI,0.0000900,Q3 2019,2050,0001141802,,000153528,720 EAST WISCONSIN AVENUE, ,53202
Nuveen asset management  llc,CHICAGO,IL,"",157730.8,7902000.0,0.0029,0.0025,1629,1765,-689.6,-0.4352975,IL,0.3072698,Q2 2019,132953,0001521019,,000155584,333 W. WACKER DRIVE, ,60606
Nvwm  llc,YARDLEY,PA,"",10.0,501.0,0.0002,0.0001,416,407,0.0,0.0,PA,0.0000195,Q4 2021,395271,0001697274,201813672,,820 TOWNSHIP LINE ROAD,SUITE 100,19067
Old well partners  llc,CHARLOTTE,NC,PUT,15380.0,7705380.0,5.7439,,5,,15380.0,,NC,N/A,Q1 2023,464033,0001802131,,000285195,"1910 SOUTH BLVD, SUITE 200", ,28203
Operose advisors llc,MILWAUKEE,WI,"",3.5,175.0,0.0001,0.0001,340,355,0.0,0.0,WI,0.0000068,Q4 2021,556175,0001909750,,000287465,"731 N. WATER STREET, SUITE 790", ,53202
Osaic holdings  inc.,SCOTTSDALE,AZ,"",12490.1,626636.0,0.0012,0.001,2898,3013,205.7,1.6744815,AZ,0.0243315,Q2 2016,343642,0001677044,,,18700 HAYDEN RD.,SUITE 255,85225
Ossiam,PARIS,I0,"",0.0,0.0,,0.0005,"",703,-490.0,-100.0,I0,0.0000000,Q3 2022,431405,0001767471,,,6 PLACE DE LA MADELEINE, ,75008
Pacer advisors  inc.,MALVERN,PA,PRN,0.0,0.0,,0.001,"",1335,-37000.0,-100.0,PA,N/A,Q1 2022,272420,0001616667,,,500 CHESTERFIELD PARKWAY, ,19355
Pacifica partners inc.,SURREY,Z4,"",4.0,194.0,0.0001,0.0001,484,459,0.0,0.0,Z4,0.0000078,Q2 2021,462618,0001799900,,000162313,5455 152 STREET,SUITE 213,V3S 5A5
Parallax volatility advisers  l.p.,SAN FRANCISCO,CA,CALL,122800.0,6152280.0,0.0126,0.0076,774,1033,2500.0,2.078138,CA,N/A,Q1 2021,133020,0001521001,,000158143,101 MONTGOMERY STREET,SUITE 700,94104
Parallax volatility advisers  l.p.,SAN FRANCISCO,CA,"",3088.6,154739.0,0.0003,0.0009,2038,1838,-11310.3,-78.5497503,CA,0.0060168,Q3 2021,133020,0001521001,,000158143,101 MONTGOMERY STREET,SUITE 700,94104
Parallax volatility advisers  l.p.,SAN FRANCISCO,CA,PUT,0.0,0.0,,0.0015,"",1661,-24000.0,-100.0,CA,N/A,Q2 2021,133020,0001521001,,000158143,101 MONTGOMERY STREET,SUITE 700,94104
Parallel advisors  llc,SAN FRANCISCO,CA,"",24.2,1216.0,0.0,0.0003,2910,2266,-117.9,-82.9697396,CA,0.0000471,Q1 2017,358397,0001690010,,000140800,150 SPEAR STREET,SUITE 1600,94105
Park west asset management llc,SAN FRANCISCO,CA,"",0.0,0.0,,0.0099,"",42,-2500.0,-100.0,CA,0.0000000,Q4 2022,2166,0001386928,,000157660,"1 LETTERMAN DRIVE, SUITE C5-900", ,94129
Parkside financial bank & trust,SAINT LOUIS,MO,"",1085.7,54394.0,0.0146,0.0003,555,1826,1058.2,3848.0,MO,0.0021150,Q1 2022,104696,0001455267,,,8112 MARYLAND AVE,SUITE 101,63105
Pathway financial advisers  llc,AUBURN,IN,"",0.0,0.0,,0.0,"",562,-0.2,-100.0,IN,0.0000000,Q4 2022,671519,0002024152,,,4571 CO RD 35, ,46706
Peak6 investments llc,CHICAGO,IL,CALL,0.0,0.0,,0.0017,"",2949,-7370.0,-100.0,IL,N/A,Q1 2021,2188,0001756111,384087834,,"141 W. JACKSON, SUITE 500", ,60604
Peak6 investments llc,CHICAGO,IL,"",0.0,0.0,,0.0003,"",3897,-1101.1,-100.0,IL,0.0000000,Q3 2018,2188,0001756111,384087834,,"141 W. JACKSON, SUITE 500", ,60604
Peapack gladstone financial corp,BEDMINSTER,NJ,"",1070.0,54000.0,0.001,,691,,1070.0,,NJ,0.0020844,Q1 2023,2189,0001050743,223537895,,500 HILLS DRIVE, ,07921
Pearl river capital  llc,NILES,MI,"",5910.8,296131.0,0.047,0.0652,410,368,-3530.3,-37.3928885,MI,0.0115146,Q4 2022,430735,0001714260,812920144,001714260,2003 MORRIS DRIVE, ,49120
Pentwater capital management lp,NAPLES,FL,PUT,2263970.0,113424897.0,1.0972,0.2078,19,51,1972970.0,677.9965636,FL,N/A,Q4 2022,2208,0001425851,,,1001 10TH AVENUE SOUTH,SUITE 216,34102
Pentwater capital management lp,NAPLES,FL,"",750.0,37575.0,0.0004,0.0132,143,105,-17740.0,-95.9437534,FL,0.0014610,Q4 2022,2208,0001425851,,,1001 10TH AVENUE SOUTH,SUITE 216,34102
Pentwater capital management lp,NAPLES,FL,CALL,5550.0,278055.0,0.0027,,138,,5550.0,,FL,N/A,Q1 2023,2208,0001425851,,,1001 10TH AVENUE SOUTH,SUITE 216,34102
Pictet asset management sa,GENEVA 73,V8,"",5850.8,293125.0,0.0004,0.0003,1500,1626,0.0,0.0,V8,0.0113977,Q3 2021,79561,0001361570,,,60 ROUTE DE ACACIAS, ,1211
Picton mahoney asset management,TORONTO,A6,PUT,80000.0,4000.0,0.0002,,468,,80000.0,,A6,N/A,Q1 2023,208295,0001539041,,,"33 YONGE STREET, SUITE 320", ,M5E 1G4
Piershale financial group  inc.,BARRINGTON,IL,"",8.0,401.0,0.0003,0.0003,292,295,0.0,0.0,IL,0.0000156,Q4 2022,184193,0001554815,364406135,,"1531 S. GROVE AVE, SUITE 206", ,60010
Pittenger & anderson inc,LINCOLN,NE,"",16.0,802.0,0.0,0.0,420,418,0.0,0.0,NE,0.0000312,Q2 2021,2266,0001034886,,,5533 SOUTH 27TH,STE 201,68512
Plante moran financial advisors  llc,SOUTHFIELD,MI,"",0.0,0.0,,0.0,"",812,-5.0,-100.0,MI,0.0000000,Q1 2021,25973,0001424717,383123123,,3000 TOWN CENTER DR.,SUITE 100,48075
Pnc financial services group  inc.,PITTSBURGH,PA,"",1061.5,53181.0,0.0,0.0,2956,3034,-62.5,-5.5604982,PA,0.0020679,Q1 2014,2276,0000713676,,,THE TOWER AT PNC PLAZA,300 FIFTH AVENUE,15222-2401
Prelude capital management  llc,NEW YORK,NY,CALL,0.0,0.0,,0.0122,"",906,-5750.0,-100.0,NY,N/A,Q2 2020,2734,0001387508,,000158105,"600 LEXINGTON AVENUE, 20TH FLOOR", ,10022
Prelude capital management  llc,NEW YORK,NY,"",19927.0,292927.0,0.0175,0.0095,653,990,6979.2,53.9025935,NY,0.0388191,Q3 2022,2734,0001387508,,000158105,"600 LEXINGTON AVENUE, 20TH FLOOR", ,10022
Prelude capital management  llc,NEW YORK,NY,PUT,4590.0,229959.0,0.0138,0.0032,790,1117,3060.0,200.0,NY,N/A,Q1 2020,2734,0001387508,,000158105,"600 LEXINGTON AVENUE, 20TH FLOOR", ,10022
Price t rowe associates inc,BALTIMORE,MD,"",28427.5,1425000.0,0.0002,0.0002,1609,1695,55.1,0.1942028,MD,0.0553786,Q4 2020,2299,0000080255,520556948,,1307 POINT STREET, ,21231
Principal financial group inc,DES MOINES,IA,"",5137.4,257384.0,0.0002,0.0002,2125,2195,214.5,4.3571878,IA,0.0100080,Q2 2019,2304,0001126328,,000139897,711 HIGH STREET, ,50392
Private trust company na,CLEVELAND,OH,"",11.1,556.0,0.0001,,2181,,11.1,,OH,0.0000216,Q1 2023,2313,0001277557,,,1422 EUCLID AVENUE STE 1130, ,44115-2001
Prudential financial inc,NEWARK,NJ,"",2724.9,136517.0,0.0002,0.0001,2434,2466,735.3,36.9571773,NJ,0.0053083,Q3 2020,2331,0001137774,,000107959,751 BROAD ST, ,07102
Psi advisors  llc,TAMPA,FL,"",4.7,235.0,0.0001,0.0002,742,713,-5.3,-53.0,FL,0.0000092,Q3 2021,463626,0001779040,,000285880,13059 W. LINEBAUGH AVE,SUITE 102,33626
Public employees retirement association of colorado,DENVER,CO,"",6601.3,331000.0,0.0017,0.0015,1287,1441,0.0,0.0,CO,0.0128598,Q2 2021,2332,0000315297,,,1301 PENNSYLVANIA STREET, ,80203
Public employees retirement system of ohio,COLUMBUS,OH,"",25967.1,1301000.0,0.0054,0.0047,1102,1145,-770.0,-2.8798935,OH,0.0505856,Q2 2017,2333,0001007280,,,277 EAST TOWN STREET, ,43215
Qcm cayman  ltd.,HOUSTON,TX,"",2028.3,101618.0,0.6363,,48,,2028.3,,TX,0.0039513,Q1 2023,2351,0001166340,943381479,000112149,3 GREENWAY PLAZA,SUITE 200,77046
Quadrant capital group llc,CINCINNATI,OH,"",66.0,3307.0,0.0003,0.0005,2319,2233,-40.4,-37.9699248,OH,0.0001286,Q2 2021,306558,0001650717,,,"255 E. FIFTH STREET, SUITE 3000", ,45202
Quantbot technologies lp,NEW YORK,NY,"",1882.4,94308.0,0.0067,0.0126,1111,949,-2441.9,-56.4692551,NY,0.0036670,Q4 2022,106908,0001512991,,,505 FIFTH AVENUE,6TH FLOOR,10017
Quent capital  llc,NEW YORK,NY,"",131.4,6583.0,0.0011,0.0008,995,1026,18.5,16.3861825,NY,0.0002560,Q4 2022,558519,0001912338,831888530,000308203,1120 AVENUE OF THE AMERICAS,4TH FLOOR,10036
Quinn opportunity partners llc,CHARLOTTESVILLE,VA,PUT,227380.0,11391738.0,1.1394,0.4045,27,52,146200.0,180.0936191,VA,N/A,Q4 2022,289198,0001633275,,000167470,2 BOARS HEAD PLACE,SUITE 250,22903
Quintet private bank (europe) s.a.,LUXEMBOURG,N4,"",8.0,401.0,0.0,,278,,8.0,,N4,0.0000156,Q1 2023,633854,0001977290,,,43 BOULEVARD ROYAL, ,L-2449
Raymond james & associates,ST PETERSBURG,FL,"",0.0,0.0,,0.0001,"",3686,-1756.5,-100.0,FL,0.0000000,Q4 2020,2374,0001084208,,000000705,880 CARILLON PKWY,PO BOX 14508,337334508
Raymond james financial services advisors  inc.,ST. PETERSBURG,FL,"",1572.5,78783.0,0.0001,0.0001,3078,3045,-258.1,-14.0992024,FL,0.0030633,Q4 2019,56362,0001462284,,000149018,880 CARILLON PARKWAY, ,33716
Re dickinson investment advisors  llc,COUNCIL BLUFFS,IA,"",110.6,6000.0,0.002,0.0021,289,282,0.0,0.0,IA,0.0002155,Q4 2021,556245,0001801241,421481540,,"535 W BROADWAY, SUITE 301", ,51503
Resources management corp,WEST HARTFORD,CT,"",70.0,7000.0,0.0011,0.0005,395,420,-6.0,-7.8947368,CT,0.0001364,Q3 2021,422855,0000749044,,,643 PROSPECT AVENUE, ,06105
Retirement group  llc,SAN DIEGO,CA,"",10.0,1000.0,0.0005,0.0,618,631,0.0,0.0,CA,0.0000195,Q4 2021,501911,0001740491,205401152,000148296,5414 OBERLIN DR #220, ,92121
Rhumbline advisers,BOSTON,MA,"",57756.2,2894000.0,0.0036,0.0033,1616,1669,-3069.0,-5.0456061,MA,0.1125128,Q2 2014,2426,0001115418,,000107151,265 FRANKLIN ST,21ST FLOOR,02110
Rise advisors  llc,ROCHESTER,NY,"",13.5,676.0,0.0005,0.0004,705,705,0.0,0.0,NY,0.0000263,Q4 2021,558184,0001831316,,,400 LINDEN OAKS SUITE 120, ,14625
Ritter daniher financial advisory llc,CINCINNATI,OH,"",0.0,0.0,,0.0001,"",290,-4.0,-100.0,OH,0.0000000,Q4 2022,603624,0001936603,,000321827,7661 BEECHMONT AVENUE,SUITE 200,45255
Rockefeller capital management l.p.,NEW YORK,NY,"",0.0,0.0,,0.0,"",3171,-214.0,-100.0,NY,0.0000000,Q2 2021,400642,0001739439,,000294197,"45 ROCKEFELLER PLAZA, 5TH FLOOR", ,10111
Royal bank of canada,TORONTO, ,"",2314.2,115000.0,0.0,0.0,5068,5676,515.3,28.6452832, ,0.0045082,Q4 2014,2491,0001000275,,,ROYAL BANK PLAZA,200 BAY STREET,M5J 2J5
Royal bank of canada,TORONTO, ,PUT,32000.0,1603000.0,0.0005,,2977,,32000.0,, ,N/A,Q1 2023,2491,0001000275,,,ROYAL BANK PLAZA,200 BAY STREET,M5J 2J5
Royal london asset management ltd,UNITED KINGDOM,X0,"",0.0,0.0,,0.0033,"",632,-18299.5,-100.0,X0,0.0000000,Q3 2021,2497,0000863748,,,80 FENCHURCH STREET,LONDON,EC3M 4BY
Rubric capital management lp,NEW YORK,NY,PUT,0.0,0.0,,0.366,"",59,-206290.0,-100.0,NY,N/A,Q4 2022,357419,0001687509,,,"155 EAST 44TH ST, SUITE 1630", ,10017
Russell investments group  ltd.,LONDON,WA,"",13.2,661.0,0.0,0.0,3075,2803,-425.4,-96.9904241,WA,0.0000257,Q3 2021,356168,0001692234,,,REX HOUSE,10 REGENT STREET,SW1Y4PE
Sandler capital management,NEW YORK,NY,PUT,0.0,0.0,,0.2086,"",71,-50000.0,-100.0,NY,N/A,Q3 2021,2542,0001000742,112792496,,711 FIFTH AVENUE,SUITE 500,10022
Sandy spring bank,OLNEY,MD,"",13.5,677.0,0.0,0.0,1088,1085,0.0,0.0,MD,0.0000263,Q1 2022,53060,0001457833,,,17801 GEORGIA AVENUE, ,20832
Sargent bickham lagudis llc,BOULDER,CO,"",0.0,0.0,,0.0037,"",462,-1106.9,-100.0,CO,0.0000000,Q1 2021,515085,0001613939,841481957,,"4840 PEARL EAST CIRCLE, SUITE 300E", ,80301
Schneider downs wealth management advisors  lp,PITTSBURGH,PA,"",8483.0,424998.0,0.0873,0.0753,69,77,40.0,0.4737652,PA,0.0165254,Q4 2021,327022,0001665359,,000128591,"ONE PPG PLACE, SUITE 1700", ,15222
Schonfeld strategic advisors llc,NEW YORK,NY,"",9766.7,489311.0,0.0047,0.0005,1176,2240,8176.7,514.2578616,NY,0.0190262,Q4 2020,336419,0001665241,,000281984,590 MADISON AVENUE,23RD FLOOR,10022
Sculptor capital lp,NEW YORK,NY,CALL,20000.0,1002000.0,0.0224,0.0382,247,344,-33800.0,-62.8252788,NY,N/A,Q1 2021,2127,0001054587,133980578,000107913,9 WEST 57TH STREET,40TH FLOOR,10019
Sculptor capital lp,NEW YORK,NY,PUT,0.0,0.0,,0.0404,"",338,-56940.0,-100.0,NY,N/A,Q4 2019,2127,0001054587,133980578,000107913,9 WEST 57TH STREET,40TH FLOOR,10019
Sculptor capital lp,NEW YORK,NY,"",0.0,0.0,,0.0139,"",415,-19520.0,-100.0,NY,0.0000000,Q4 2020,2127,0001054587,133980578,000107913,9 WEST 57TH STREET,40TH FLOOR,10019
Sei investments company,OAKS,PA,"",1810.2,90690.0,0.0002,,2582,,1810.2,,PA,0.0035264,Q1 2023,12665,0000350894,,,1 FREEDOM VALLEY DRIVE, ,19456-1100
Seven eight capital  lp,NEW YORK,NY,"",0.0,0.0,,0.1309,"",226,-12330.5,-100.0,NY,0.0000000,Q2 2021,256629,0001575129,811493633,000170624,130 WEST 42ND STREET,20TH FLOOR,10036
Sg americas securities  llc,NEW YORK,NY,"",19321.5,968000.0,0.0112,0.0131,1159,921,-7157.8,-27.0316814,NY,0.0376395,Q2 2019,2629,0001313360,,,245 PARK AVENUE, ,10167
Shay capital llc,NEW YORK,NY,CALL,1000.0,50100.0,0.0098,,376,,1000.0,,NY,N/A,Q1 2023,510475,0001723643,,,"280 PARK AVENUE, 5TH FLOOR WEST", ,10017
Shay capital llc,NEW YORK,NY,"",100.0,5010.0,0.001,,421,,100.0,,NY,0.0001948,Q1 2023,510475,0001723643,,,"280 PARK AVENUE, 5TH FLOOR WEST", ,10017
Signaturefd  llc,ATLANTA,GA,"",336.0,16834.0,0.0005,0.0002,1958,2382,187.9,126.873734,GA,0.0006545,Q1 2021,50499,0001456048,,000112758,1230 PEACHTREE STREET,SUITE 1800,30309
Simplex trading  llc,CHICAGO,IL,CALL,467510.0,22468000.0,0.0197,0.0178,541,634,-101550.0,-17.8452184,IL,N/A,Q4 2014,121062,0001488542,,000153585,230 S. LASALLE STREET,SUITE 08-500,60604
Simplex trading  llc,CHICAGO,IL,PUT,768650.0,39208000.0,0.0345,0.0151,339,712,424650.0,123.4447674,IL,N/A,Q3 2015,121062,0001488542,,000153585,230 S. LASALLE STREET,SUITE 08-500,60604
Simplex trading  llc,CHICAGO,IL,"",270.0,13000.0,0.0,0.0,7278,6589,-380.0,-58.4615385,IL,0.0005260,Q4 2020,121062,0001488542,,000153585,230 S. LASALLE STREET,SUITE 08-500,60604
Skandinaviska enskilda banken ab (publ),STOCKHOLM,V7,"",3288.0,165000.0,0.0012,0.0003,836,830,2403.3,271.6514073,V7,0.0064052,Q2 2021,164832,0001534653,,,KUNGSTRADGARDSGATAN 8, ,106 40
Sound income strategies  llc,FT LAUDERDALE,FL,"",7.5,376.0,0.0,,1008,,7.5,,FL,0.0000146,Q1 2023,392597,0001730960,,000173272,500 WEST CYPRESS CREEK ROAD,SUITE 290,33309
Spire wealth management,MCLEAN,VA,"",330.3,16548.0,0.0006,0.0006,1686,1574,64.3,24.1729323,VA,0.0006434,Q1 2021,512774,0001858740,,000113908,7901 JONES BRANCH DR.,SUITE #800,22102
Squarepoint ops llc,NEW YORK,NY,"",77310.0,3873231.0,0.0158,,1022,,77310.0,,NY,0.1506049,Q3 2021,297588,0001642575,,000172116,250 W. 55TH STREET,32ND FLOOR,10019
State board of administration of florida retirement system,TALLAHASSEE,FL,"",43328.7,2170768.0,0.005,0.0043,960,1004,0.0,0.0,FL,0.0844071,Q2 2020,2761,0000938076,596001872,,"1801 HERMITAGE BLVD, SUITE 100",P.O. BOX 13300,32317-3300
State of new jersey common pension fund d,TRENTON,NJ,"",37084.7,1857943.0,0.0066,0.005,1560,1622,4517.8,13.8723673,NJ,0.0722434,Q2 2021,70054,0001483066,,,50 WEST STATE STREET 9TH FLOOR,PO BOX 290,08625
State of wisconsin investment board,MADISON,WI,"",46543.0,2331804.0,0.0069,0.0068,1254,1304,-5250.2,-10.1368519,WI,0.0906688,Q1 2021,2763,0000854157,,,"4703 MADISON YARDS WAY, SUITE 700", ,53705
State street corp,BOSTON,MA,"",784977.9,39327259.0,0.0022,0.0019,1808,1917,-18374.4,-2.2872157,MA,1.5291877,Q1 2014,2764,0000093751,,,1 CONGRESS STREET,SUITE 1,02114
Steward partners investment advisory  llc,STAMFORD,CT,"",4.0,200.0,0.0,0.0,3229,3202,-7.5,-65.2173913,CT,0.0000078,Q3 2020,383910,0001723397,,000283004,400 ATLANTIC STREET,10TH FLOOR,06901-3512
Stifel financial corp,ST. LOUIS,MO,"",4669.5,233943.0,0.0003,0.0003,2958,2992,9.3,0.1995623,MO,0.0090965,Q4 2018,6756,0000720672,,,ATTN: JAMES G. LASCHOBER,501 N. BROADWAY,63102-2102
Stonehage fleming financial services holdings ltd,ST. HELIER,Y9,"",0.0,0.0,,0.0014,"",152,-178.9,-100.0,Y9,0.0000000,Q4 2022,449001,0001786379,,,"2 THE FORUM, GRENVILLE STREET", ,JE1 4HH
Stonex group inc.,NEW YORK,NY,"",1705.2,85431.0,0.0093,,568,,1705.2,,NY,0.0033218,Q1 2023,8891,0000913760,592921318,,230 PARK AVE,10TH FLOOR,10169
Straight path wealth management,JENISON,MI,"",0.0,0.0,,0.0445,"",68,-1141.2,-100.0,MI,0.0000000,Q4 2021,552787,0001902506,,000148897,7699 GEORGETOWN CENTER DR, ,49428
Stratos wealth partners  ltd.,BEACHWOOD,OH,"",0.0,0.0,,0.0015,"",1110,-1418.5,-100.0,OH,0.0000000,Q2 2022,269479,0001612865,,,3750 PARK EAST DRIVE, ,44122
Summit securities group llc,NEW YORK,NY,PUT,11000.0,551000.0,0.0453,0.0077,131,471,6000.0,120.0,NY,N/A,Q4 2022,198945,0001531593,,000159283,55 BROADWAY,SUITE 2102,10006
Summit securities group llc,NEW YORK,NY,"",577.0,29000.0,0.0024,0.0034,545,615,-1631.3,-73.8713037,NY,0.0011240,Q4 2022,198945,0001531593,,000159283,55 BROADWAY,SUITE 2102,10006
Summit securities group llc,NEW YORK,NY,CALL,1270.0,64000.0,0.0053,,375,,1270.0,,NY,N/A,Q1 2023,198945,0001531593,,000159283,55 BROADWAY,SUITE 2102,10006
Sunbelt securities  inc.,HOUSTON,TX,"",145.0,7206.0,0.0012,,1211,,145.0,,TX,0.0002825,Q1 2023,118959,0001632932,760472120,000042180,"2700 POST OAK BLVD, SUITE 1700", ,77056
Susquehanna fundamental investments  llc,BALA CYNWYD,PA,"",13909.8,696881.0,0.0162,0.0474,605,407,-53638.8,-79.4077153,PA,0.0270972,Q4 2022,79831,0001446179,,,401 E. CITY AVENUE,SUITE 220,19004
Susquehanna international group  llp,BALA CYNWYD,PA,CALL,2397790.0,120129279.0,0.0255,0.022,516,604,263490.0,12.3454997,PA,N/A,Q2 2014,36674,0001446194,,,"401 CITY AVENUE, SUITE 220", ,19004
Susquehanna international group  llp,BALA CYNWYD,PA,PUT,3542190.0,177463719.0,0.0377,0.0178,393,715,1813320.0,104.8846935,PA,N/A,Q1 2015,36674,0001446194,,,"401 CITY AVENUE, SUITE 220", ,19004
Susquehanna international group  llp,BALA CYNWYD,PA,"",537656.3,26936580.0,0.0057,0.0014,1407,3130,405492.3,306.8099482,PA,1.0473892,Q2 2014,36674,0001446194,,,"401 CITY AVENUE, SUITE 220", ,19004
Sutton wealth advisors inc.,TAMPA,FL,"",4.7,235.0,0.0001,0.0032,782,1000,-201.9,-97.7250726,FL,0.0000092,Q1 2022,650822,0001999828,261114772,000145359,3708 WEST SWANN AVENUE,SUITE 102,33609
Swiss national bank,ZURICH,V8,"",111554.1,5588860.0,0.0038,0.0036,1196,1304,-13340.0,-10.681049,V8,0.2173146,Q2 2014,222919,0001582202,,,BOERSENSTRASSE 15,P.O. BOX 2800,CH-8022
Tci wealth advisors  inc.,TUCSON,AZ,"",10.0,501.0,0.0001,0.0001,2220,2121,-13.4,-57.2649573,AZ,0.0000195,Q1 2021,240994,0001583751,,000107373,4011 E SUNRISE DR, ,85718
Td waterhouse canada inc.,TORONTO,A6,"",70.0,4425.0,0.0,0.0001,1397,1303,-46.0,-39.6551724,A6,0.0001364,Q4 2022,651386,0001999606,,,66 WELLINGTON STREET WEST,"15TH FLOOR, TD TOWER",M5K 1A2
Teacher retirement system of texas,AUSTIN,TX,"",5748.2,288000.0,0.0019,0.0018,1729,1777,-246.3,-4.1087664,TX,0.0111979,Q2 2021,2868,0000796848,746000164,,4655 MUELLER BLVD, ,78723
Tejara capital ltd,LONDON,X0,"",0.0,0.0,,0.2438,"",69,-30000.0,-100.0,X0,0.0000000,Q4 2022,624076,0001879713,,000322838,15TH FLOOR,33 CAVENDISH SQUARE,W1G 0PW
Ten capital wealth advisors  llc,SPOKANE,WA,"",0.3,15.0,0.0,0.0,559,584,0.0,0.0,WA,0.0000006,Q4 2020,488852,0001832212,454091726,,"601 WEST MAIN AVE., #210", ,99201
Tidal investments llc,MILWAUKEE,WI,"",7400.3,371000.0,0.0122,0.0123,909,816,-477.3,-6.058952,WI,0.0144163,Q1 2021,257481,0001600064,,000164201,234 WEST FLORIDA STREET,SUITE 203,53204
Tilia fiduciary partners  inc.,WILMINGTON,NC,"",84.2,4218.0,0.004,0.0033,438,439,0.0,0.0,NC,0.0001640,Q4 2021,556440,0001910210,,000157852,32 NORTH FRONT STREET, ,28401
Tobam,PARIS, ,"",18067.8,905000.0,0.0596,0.2518,116,70,-75383.2,-80.6660175, ,0.0351972,Q2 2021,166135,0001527488,,,24/26 AVENUE DES CHAMPS ELYSEES, ,75008
Toronto dominion bank,"TORONTO, ONTARIO",A6,"",75.7,4000.0,0.0,0.0,1330,1428,0.0,0.0,A6,0.0001475,Q3 2021,2930,0000947263,,,66 WELLINGTON STREET WEST,"12TH FLOOR, TD TOWER",M5K 1A2
Toronto dominion bank,"TORONTO, ONTARIO",A6,CALL,0.0,0.0,,0.0009,"",1108,-15000.0,-100.0,A6,N/A,Q4 2022,2930,0000947263,,,66 WELLINGTON STREET WEST,"12TH FLOOR, TD TOWER",M5K 1A2
Tower research capital llc (trc),NEW YORK,NY,"",4659.2,234000.0,0.0074,0.0097,1280,1203,-1116.6,-19.3323869,NY,0.0090764,Q1 2019,200473,0001533421,,,120 BROADWAY,38TH FLOOR,10271
Tradewinds capital management  llc,BELLINGHAM,WA,"",5.0,251.0,0.0001,0.0001,437,482,0.0,0.0,WA,0.0000097,Q1 2021,272339,0001616026,,000145934,2211 RIMLAND DRIVE,SUITE 401,98226
Tradition wealth management  llc,EDINA,MN,"",196.4,10000.0,0.0012,0.0011,994,940,0.0,0.0,MN,0.0003826,Q1 2021,501049,0001843010,,000128314,7601 FRANCE AVENUE SOUTH,SUITE 100,55435
Traynor capital management  inc.,MALVERN,PA,"",4082.4,204530.0,0.0295,0.0239,179,179,-85.7,-2.0560927,PA,0.0079528,Q2 2021,328286,0001666786,,000138881,418 E KING STREET, ,19355
Treasurer of the state of north carolina,RALEIGH,NC,"",22594.0,1132000.0,0.0064,0.0056,933,952,160.0,0.7132032,NC,0.0440146,Q2 2021,434664,0001761054,,,3200 ATLANTIC AVENUE, ,27604
Trust company of vermont,BRATTLEBORO,VT,"",20.0,1002.0,0.0001,0.0001,827,823,0.0,0.0,VT,0.0000390,Q2 2022,2989,0001134008,,,P O BOX 1280, ,05302-1280
Tsfg  llc,LAKE FOREST,IL,"",2.3,0.0,0.0,0.0,954,971,0.0,0.0,IL,0.0000045,Q4 2021,461704,0001800513,,,1052 N WESTERN AVE, ,60045
Tudor investment corp et al,STAMFORD,CT,"",0.0,0.0,,0.004,"",2132,-4920.8,-100.0,CT,0.0000000,Q3 2021,2996,0000923093,222514825,000159792,200 ELM STREET, ,06901
Tudor investment corp et al,STAMFORD,CT,PUT,90000.0,4509000.0,0.0698,,416,,90000.0,,CT,N/A,Q1 2023,2996,0000923093,222514825,000159792,200 ELM STREET, ,06901
Two sigma advisers  lp,NEW YORK,NY,"",11095.4,555880.0,0.0014,0.0013,1898,1909,-325.6,-2.8508887,NY,0.0216146,Q1 2021,107419,0001478735,,000152254,100 AVENUE OF THE AMERICAS,16TH FLOOR,10013
Two sigma securities  llc,NEW YORK,NY,"",5239.1,262479.0,0.0053,0.0049,1831,1993,1243.6,31.1250156,NY,0.0102061,Q3 2022,120133,0001450144,,000148960,100 AVENUE OF THE AMERICAS,2ND FLOOR,10013
Ubs am  a distinct business unit of ubs asset management americas llc,CHICAGO,IL,"",72275.4,3620997.0,0.0018,0.0018,1376,1290,-14325.5,-16.5419759,IL,0.1407971,Q2 2014,3011,0000861177,,,ONE NORTH WACKER DRIVE, ,60606
Ubs group ag,ZURICH,V8,CALL,26500.0,1327650.0,0.0005,0.0008,3850,3377,-23500.0,-47.0,V8,N/A,Q1 2021,3010,0001610520,,,BAHNHOFSTRASSE 45, ,CH-8001
Ubs group ag,ZURICH,V8,"",918.3,46007.0,0.0,0.0,6515,6261,-1157.6,-55.7637651,V8,0.0017889,Q1 2014,3010,0001610520,,,BAHNHOFSTRASSE 45, ,CH-8001
Ubs group ag,ZURICH,V8,PUT,85520.0,4284552.0,0.0016,,2669,,85520.0,,V8,N/A,Q1 2023,3010,0001610520,,,BAHNHOFSTRASSE 45, ,CH-8001
Ulland investment advisors  llc,MINNEAPOLIS,MN,"",0.2,0.0,0.0,0.0,212,220,0.0,0.0,MN,0.0000004,Q2 2022,556922,0001911497,,000109610,80 SOUTH 8TH ST.,4550 IDS CENTER,55402
Ursa fund management  llc,DANVILLE,CA,PUT,1138180.0,57022818.0,21.1625,,2,,1138180.0,,CA,N/A,Q3 2022,362362,0001693838,,000283363,"156 DIABLO RD, STE 250", ,94526
Ursa fund management  llc,DANVILLE,CA,CALL,57410.0,2876241.0,1.0674,,9,,57410.0,,CA,N/A,Q3 2022,362362,0001693838,,000283363,"156 DIABLO RD, STE 250", ,94526
Ursa fund management  llc,DANVILLE,CA,"",100.0,5010.0,0.0019,,17,,100.0,,CA,0.0001948,Q3 2022,362362,0001693838,,000283363,"156 DIABLO RD, STE 250", ,94526
Us bancorp de,MINNEAPOLIS,MN,"",749.8,37564.0,0.0001,0.0001,2657,2723,-85.4,-10.2250958,MN,0.0014607,Q1 2021,3032,0000036104,410255900,,U.S. BANCORP,800 NICOLLET MALL,55402-7020
Utah retirement systems,SALT LAKE CITY,UT,"",6180.0,309618.0,0.0045,0.0059,867,828,-3000.0,-32.6797386,UT,0.0120390,Q1 2022,192073,0001548392,,,540 EAST 200 SOUTH, ,84102
Vanguard group inc,MALVERN,PA,"",5101684.9,255594414.0,0.0065,0.0057,1325,1405,-28066.0,-0.5471221,PA,9.9384117,Q1 2014,3049,0000102909,,000105958,100 VANGUARD BLVD,V26,19355
Verition fund management llc,GREENWICH,CT,CALL,61450.0,3078645.0,0.0426,,533,,61450.0,,CT,N/A,Q1 2023,49733,0001454027,,000156610,ONE AMERICAN LANE, ,06831
Verition fund management llc,GREENWICH,CT,PUT,31750.0,1590675.0,0.022,0.0008,777,1884,30450.0,2342.3076923,CT,N/A,Q4 2022,49733,0001454027,,000156610,ONE AMERICAN LANE, ,06831
Victory capital management inc,SAN ANTONIO,TX,"",5741.4,287644.0,0.0003,0.0003,2158,2227,-124.1,-2.1157617,TX,0.0111846,Q4 2020,79158,0001040188,,,15935 LA CANTERA PARKWAY, ,78256
Virtu financial llc,NEW YORK,NY,"",8214.8,412000.0,0.0438,0.0703,413,257,-4840.4,-37.076414,NY,0.0160030,Q2 2022,156356,0001533964,,,1633 BROADWAY,41ST FLOOR,10019
Vontobel holding ltd.,ZURICH,V8,"",0.0,0.0,,0.001,"",1033,-2596.0,-100.0,V8,0.0000000,Q4 2021,243940,0001588340,,000105007,GOTTHARDSTRASSE 43, ,CH-8022
Voya investment management llc,ATLANTA,GA,"",6594.4,330379.0,0.0004,0.0003,2279,2393,-86.2,-1.2903033,GA,0.0128463,Q1 2014,93899,0001068837,,000108934,5780 POWERS FERRY RD,SUITE 300,30327
Walleye capital llc,NEW YORK,NY,PUT,8330.0,417333.0,0.0063,0.0011,1855,2496,6910.0,486.6197183,NY,N/A,Q3 2022,422642,0001758720,,000161413,315 PARK AVE S FLOOR 18, ,10010
Walleye capital llc,NEW YORK,NY,CALL,6520.0,326652.0,0.0049,0.0007,2060,2569,5530.0,558.5858586,NY,N/A,Q3 2022,422642,0001758720,,000161413,315 PARK AVE S FLOOR 18, ,10010
Walleye capital llc,NEW YORK,NY,"",0.0,0.0,,0.0008,"",2555,-1067.2,-100.0,NY,0.0000000,Q3 2022,422642,0001758720,,000161413,315 PARK AVE S FLOOR 18, ,10010
Walleye trading llc,NEW YORK,NY,PUT,55440.0,2777544.0,0.006,0.0031,1457,2165,29090.0,110.398482,NY,N/A,Q3 2020,3091,0001388391,,000136196,315 PARK AVE S FLOOR 18, ,10010
Walleye trading llc,NEW YORK,NY,CALL,47480.0,2378748.0,0.0052,0.0057,1554,1678,-2000.0,-4.0420372,NY,N/A,Q1 2016,3091,0001388391,,000136196,315 PARK AVE S FLOOR 18, ,10010
Warberg asset management llc,WINNETKA,IL,PUT,10340.0,518034.0,0.1021,,68,,10340.0,,IL,N/A,Q1 2023,256297,0001597506,,,716 OAK STREET, ,60093
Wealthplan partners  llc,OMAHA,NE,"",194.8,9759.0,0.0011,,871,,194.8,,NE,0.0003795,Q1 2023,296107,0001639943,,000305026,101 SO. 108TH AVE,2ND FLOOR,68154
Weiss multi-strategy advisers llc,NEW YORK,NY,CALL,175260.0,8781000.0,0.2058,,152,,175260.0,,NY,N/A,Q1 2023,3133,0001388312,203927518,,320 PARK AVENUE,20TH FLOOR,10020
Weiss multi-strategy advisers llc,NEW YORK,NY,PUT,19650.0,984000.0,0.0231,,514,,19650.0,,NY,N/A,Q1 2023,3133,0001388312,203927518,,320 PARK AVENUE,20TH FLOOR,10020
Wells fargo & company,SAN FRANCISCO,CA,"",919.0,46046.0,0.0,0.0,5198,4933,-130.8,-12.4595161,CA,0.0017903,Q1 2014,3140,0000072971,,,333 MARKET STREET, ,94105
Winch advisory services  llc,APPLETON,WI,"",1.0,0.0,0.0,0.0,418,409,0.0,0.0,WI,0.0000019,Q1 2021,264317,0001585822,,,424 E WISCONSIN AVENUE, ,54911
Wolverine asset management llc,CHICAGO,IL,PUT,15000.0,751500.0,0.0089,,761,,15000.0,,IL,N/A,Q1 2023,3213,0001279891,,000138907,175 W. JACKSON,SUITE 340,60064
Wolverine asset management llc,CHICAGO,IL,CALL,6290.0,315128.0,0.0037,,946,,6290.0,,IL,N/A,Q1 2023,3213,0001279891,,000138907,175 W. JACKSON,SUITE 340,60064
Wolverine trading  llc,CHICAGO,IL,PUT,48490.0,2410000.0,0.0037,0.0036,1251,1280,-10220.0,-17.4075967,IL,N/A,Q4 2020,343782,0000927337,,,175 W JACKSON,SUITE 200,60604
Wolverine trading  llc,CHICAGO,IL,CALL,36210.0,1800000.0,0.0028,0.0043,1440,1189,-33590.0,-48.1232092,IL,N/A,Q4 2020,343782,0000927337,,,175 W JACKSON,SUITE 200,60604
Wolverine trading  llc,CHICAGO,IL,"",4949.3,246000.0,0.0004,0.0001,3219,3526,3357.2,210.8661516,IL,0.0096416,Q4 2020,343782,0000927337,,,175 W JACKSON,SUITE 200,60604
Wr wealth planners  llc,COLUMBIA,MO,"",135.4,6784.0,0.0029,0.0034,638,321,0.0,0.0,MO,0.0002638,Q1 2022,677453,0002031978,843688798,000306951,200 E. SOUTHAMPTON DRIVE,SUITE 101,65203
Ws management lllp,JACKSONVILLE,FL,"",0.0,0.0,,0.02,"",65,-5714.2,-100.0,FL,0.0000000,Q4 2022,3225,0000877338,592844344,,4306 PABLO OAKS COURT, ,32224
Xponance  inc.,PHILADELPHIA,PA,"",1776.4,88998.0,0.0013,0.0012,1163,1169,0.2,0.01126,PA,0.0034605,Q2 2021,293331,0001637541,,,1845 WALNUT STREET,SUITE 800,19103
Xr securities llc,CHICAGO,IL,CALL,10550.0,528555.0,0.0138,0.0449,253,297,-750.0,-6.6371681,IL,N/A,Q2 2020,387532,0001531971,,000145357,550 WEST JACKSON BOULEVARD,SUITE 1000,60661
Xr securities llc,CHICAGO,IL,PUT,10020.0,502002.0,0.0131,0.0235,258,418,4110.0,69.5431472,IL,N/A,Q3 2020,387532,0001531971,,000145357,550 WEST JACKSON BOULEVARD,SUITE 1000,60661
Xtx topco ltd,GEORGE TOWN,E9,"",0.0,0.0,,0.2733,"",49,-31636.5,-100.0,E9,0.0000000,Q1 2022,513928,0001828301,,,190 ELGIN AVENUE,14-18 HANDYSIDE ST,KY1-9008
Yakira capital management  inc.,WESTPORT,CT,PUT,10000.0,501000.0,0.1271,,123,,10000.0,,CT,N/A,Q1 2023,224113,0001584639,,000159398,1555 POST ROAD EAST,SUITE 202,06880
Yakira capital management  inc.,WESTPORT,CT,"",7840.1,392789.0,0.0996,,130,,7840.1,,CT,0.0152730,Q1 2023,224113,0001584639,,000159398,1555 POST ROAD EAST,SUITE 202,06880
Zullo investment group  inc.,SCRANTON,PA,"",0.0,0.0,,0.0011,"",701,-45.0,-100.0,PA,0.0000000,Q4 2021,556897,0001909760,,000311698,132 ADAMS AVENUE, ,18503
Zurcher kantonalbank (zurich cantonalbank),ZURICH,V8,"",7191.7,360304.0,0.0018,0.0015,1498,1625,415.4,6.130189,V8,0.0140099,Q3 2015,166318,0001368163,980477436,,BAHNHOFSTRASSE 9, ,8001
